order_id,symbol,quantity,side,price,trigger_price,average_price,filled_quantity,exchange,broker_timestamp,product,remarks,order_type,Status
24032600277932,BANKNIFTY27MAR24P46800,30,S,0.00,00.00,226.82,30.0,NFO,26/03/2024 15:18:02,MIS,--,MKT,complete
24032600277931,BANKNIFTY27MAR24C46800,30,S,0.00,00.00,139.17,30.0,NFO,26/03/2024 15:18:02,MIS,--,MKT,complete
24032600277930,NIFTY28MAR24C22200,100,S,0.00,00.00,43.35,100.0,NFO,26/03/2024 15:18:02,MIS,--,MKT,complete
24032600277929,BANKNIFTY27MAR24P46700,60,S,0.00,00.00,179.00,60.0,NFO,26/03/2024 15:18:02,MIS,--,MKT,complete
24032600277928,BANKNIFTY27MAR24C46900,30,S,0.00,00.00,97.60,30.0,NFO,26/03/2024 15:18:02,MIS,--,MKT,complete
24032600258834,NIFTY28MAR24P22100,50,S,0.00,00.00,99.35,50.0,NFO,26/03/2024 14:54:06,NRML,Programetix Automation,MKT,complete
24032600258077,NIFTY28MAR24P22100,50,B,0.00,00.00,102.85,50.0,NFO,26/03/2024 14:53:04,NRML,Programetix Automation,MKT,complete
24032600254922,NIFTY28MAR24P22100,50,S,0.00,00.00,106.65,50.0,NFO,26/03/2024 14:49:14,NRML,Programetix Automation,MKT,complete
24032600254610,NIFTY28MAR24P22100,50,B,0.00,00.00,106.55,50.0,NFO,26/03/2024 14:48:57,NRML,Programetix Automation,MKT,complete
24032600254548,NIFTY28MAR24P22050,50,S,0.00,00.00,83.70,50.0,NFO,26/03/2024 14:48:55,NRML,Programetix Automation,MKT,complete
24032600254472,NIFTY28MAR24P22050,50,B,0.00,00.00,86.25,50.0,NFO,26/03/2024 14:48:50,NRML,Programetix Automation,MKT,complete
24032600254410,NIFTY28MAR24P22050,50,S,0.00,00.00,87.00,50.0,NFO,26/03/2024 14:48:48,NRML,Programetix Automation,MKT,complete
24032600254274,NIFTY28MAR24P22050,50,B,0.00,00.00,87.30,50.0,NFO,26/03/2024 14:48:42,NRML,Programetix Automation,MKT,complete
24032600254163,NIFTY28MAR24P22100,50,S,0.00,00.00,108.10,50.0,NFO,26/03/2024 14:48:40,NRML,Programetix Automation,MKT,complete
24032600254002,NIFTY28MAR24P22100,50,B,0.00,00.00,107.10,50.0,NFO,26/03/2024 14:48:34,NRML,Programetix Automation,MKT,complete
24032600253925,NIFTY28MAR24P22100,50,S,0.00,00.00,106.25,50.0,NFO,26/03/2024 14:48:32,NRML,Programetix Automation,MKT,complete
24032600253449,NIFTY28MAR24P22100,50,B,0.00,00.00,98.35,50.0,NFO,26/03/2024 14:48:02,NRML,Programetix Automation,MKT,complete
24032600250952,BANKNIFTY27MAR24P46700,15,S,0.00,00.00,200.60,15.0,NFO,26/03/2024 14:45:20,NRML,Programetix Automation,MKT,complete
24032600249532,BANKNIFTY27MAR24P46700,15,B,0.00,00.00,214.80,15.0,NFO,26/03/2024 14:43:04,NRML,Programetix Automation,MKT,complete
24032600241552,BANKNIFTY27MAR24P46700,15,S,0.00,00.00,213.35,15.0,NFO,26/03/2024 14:36:59,NRML,Programetix Automation,MKT,complete
24032600241476,BANKNIFTY27MAR24P46700,15,B,0.00,00.00,210.20,15.0,NFO,26/03/2024 14:36:55,NRML,Programetix Automation,MKT,complete
24032600241439,BANKNIFTY27MAR24P46800,15,S,233.80,233.85,233.80,15.0,NFO,26/03/2024 14:46:39,MIS,SmsOptionsPremium,L,complete
24032600241421,BANKNIFTY27MAR24P46700,15,S,0.00,00.00,210.90,15.0,NFO,26/03/2024 14:36:52,NRML,Programetix Automation,MKT,complete
24032600241181,BANKNIFTY27MAR24P46700,15,B,0.00,00.00,205.85,15.0,NFO,26/03/2024 14:36:39,NRML,Programetix Automation,MKT,complete
24032600241119,BANKNIFTY27MAR24P46700,15,S,0.00,00.00,210.25,15.0,NFO,26/03/2024 14:36:36,NRML,Programetix Automation,MKT,complete
24032600240897,BANKNIFTY27MAR24P46700,15,B,0.00,00.00,206.00,15.0,NFO,26/03/2024 14:36:27,NRML,Programetix Automation,MKT,complete
24032600240821,BANKNIFTY27MAR24P46700,15,S,0.00,00.00,213.10,15.0,NFO,26/03/2024 14:36:25,NRML,Programetix Automation,MKT,complete
24032600238710,BANKNIFTY27MAR24P46700,15,B,0.00,00.00,194.50,15.0,NFO,26/03/2024 14:34:04,NRML,Programetix Automation,MKT,complete
24032600230165,BANKNIFTY27MAR24P46700,15,S,0.00,00.00,194.10,15.0,NFO,26/03/2024 14:17:59,NRML,Programetix Automation,MKT,complete
24032600230163,BANKNIFTY27MAR24P46700,15,B,0.00,00.00,194.45,15.0,NFO,26/03/2024 14:17:59,NRML,Programetix Automation,MKT,complete
24032600230149,BANKNIFTY27MAR24P46700,15,S,0.00,00.00,195.15,15.0,NFO,26/03/2024 14:17:57,NRML,Programetix Automation,MKT,complete
24032600230145,BANKNIFTY27MAR24P46700,15,B,0.00,00.00,195.50,15.0,NFO,26/03/2024 14:17:56,NRML,Programetix Automation,MKT,complete
24032600230120,BANKNIFTY27MAR24P46700,15,S,0.00,00.00,195.75,15.0,NFO,26/03/2024 14:17:53,NRML,Programetix Automation,MKT,complete
24032600230115,BANKNIFTY27MAR24P46700,15,B,0.00,00.00,194.90,15.0,NFO,26/03/2024 14:17:53,NRML,Programetix Automation,MKT,complete
24032600230073,BANKNIFTY27MAR24P46700,15,S,0.00,00.00,195.65,15.0,NFO,26/03/2024 14:17:50,NRML,Programetix Automation,MKT,complete
24032600230069,BANKNIFTY27MAR24P46700,15,B,0.00,00.00,195.10,15.0,NFO,26/03/2024 14:17:50,NRML,Programetix Automation,MKT,complete
24032600230036,BANKNIFTY27MAR24P46700,15,S,0.00,00.00,196.00,15.0,NFO,26/03/2024 14:17:47,NRML,Programetix Automation,MKT,complete
24032600229530,BANKNIFTY27MAR24P46700,15,B,0.00,00.00,201.95,15.0,NFO,26/03/2024 14:17:01,NRML,Programetix Automation,MKT,complete
24032600226481,NIFTY28MAR24C22150,50,S,0.00,00.00,78.90,50.0,NFO,26/03/2024 14:12:36,NRML,Programetix Automation,MKT,complete
24032600224552,FINNIFTY26MAR24C20700,80,S,11.95,12.00,12.00,80.0,NFO,26/03/2024 14:42:45,MIS,SmsOptionsPremium,L,complete
24032600222820,NIFTY28MAR24C22150,50,B,0.00,00.00,85.00,50.0,NFO,26/03/2024 14:06:03,NRML,Programetix Automation,MKT,complete
24032600220635,FINNIFTY26MAR24C20700,80,B,40.00,00.00,40.00,80.0,NFO,26/03/2024 14:07:17,MIS,SmsOptionsPremium,L,complete
24032600216602,BANKNIFTY27MAR24P46800,15,S,0.00,198.00,264.25,15.0,NFO,26/03/2024 14:36:53,MIS,SmsOptionsPremium,MKT,complete
24032600216551,BANKNIFTY27MAR24P47000,30,S,0.00,250.00,362.35,30.0,NFO,26/03/2024 14:19:02,MIS,PaidStockIndexOption,MKT,complete
24032600216030,BANKNIFTY27MAR24P46700,30,S,113.95,114.00,0.00,,NFO,26/03/2024 15:16:03,MIS,SmsOptionsPremium,SL,cancelled
24032600215172,BANKNIFTY27MAR24P46700,15,S,0.00,00.00,196.65,15.0,NFO,26/03/2024 13:56:26,NRML,Programetix Automation,MKT,complete
24032600210467,BANKNIFTY27MAR24P46700,30,B,205.00,00.00,205.00,30.0,NFO,26/03/2024 13:56:17,MIS,SmsOptionsPremium,L,complete
24032600208176,BANKNIFTY27MAR24P46700,15,B,0.00,00.00,215.60,15.0,NFO,26/03/2024 13:46:38,NRML,Programetix Automation,MKT,complete
24032600208126,BANKNIFTY27MAR24P46700,15,S,0.00,00.00,212.10,15.0,NFO,26/03/2024 13:46:35,NRML,Programetix Automation,MKT,complete
24032600207804,BANKNIFTY27MAR24P46800,15,S,234.95,235.00,235.00,15.0,NFO,26/03/2024 13:56:41,MIS,SmsOptionsPremium,L,complete
24032600207330,BANKNIFTY27MAR24P46700,15,B,0.00,00.00,210.95,15.0,NFO,26/03/2024 13:46:03,NRML,Programetix Automation,MKT,complete
24032600206949,BANKNIFTY27MAR24P46700,15,S,0.00,00.00,209.95,15.0,NFO,26/03/2024 13:45:45,NRML,Programetix Automation,MKT,complete
24032600206197,BANKNIFTY27MAR24P46800,30,B,233.85,00.00,233.85,30.0,NFO,26/03/2024 13:56:41,MIS,SmsOptionsPremium,L,complete
24032600205832,BANKNIFTY27MAR24P46700,15,B,0.00,00.00,200.30,15.0,NFO,26/03/2024 13:44:03,NRML,Programetix Automation,MKT,complete
24032600201329,POLYCAB28MAR24C5000,100,S,0.00,115.00,132.35,100.0,NFO,26/03/2024 13:36:21,MIS,Premium jackpot,MKT,complete
24032600201071,BANKNIFTY27MAR24P46800,15,S,0.00,144.00,271.15,15.0,NFO,26/03/2024 13:46:21,MIS,SmsOptionsPremium,MKT,complete
24032600200685,POLYCAB28MAR24C5000,100,B,130.00,129.95,130.00,100.0,NFO,26/03/2024 13:35:11,MIS,Premium jackpot,L,complete
24032600200402,BANKNIFTY27MAR24P46800,30,B,235.00,00.00,235.00,30.0,NFO,26/03/2024 13:34:39,MIS,SmsOptionsPremium,L,complete
24032600198459,BANKNIFTY27MAR24P47000,30,B,340.00,00.00,340.00,30.0,NFO,26/03/2024 13:56:46,MIS,PaidStockIndexOption,L,complete
24032600197356,BANKNIFTY27MAR24P46700,15,S,0.00,00.00,194.65,15.0,NFO,26/03/2024 13:30:59,NRML,Programetix Automation,MKT,complete
24032600197196,BANKNIFTY27MAR24P46700,15,B,0.00,00.00,200.55,15.0,NFO,26/03/2024 13:30:53,NRML,Programetix Automation,MKT,complete
24032600197060,BANKNIFTY27MAR24P46700,15,S,0.00,00.00,205.05,15.0,NFO,26/03/2024 13:30:50,NRML,Programetix Automation,MKT,complete
24032600196336,BANKNIFTY27MAR24P46700,15,B,0.00,00.00,188.75,15.0,NFO,26/03/2024 13:30:05,NRML,Programetix Automation,MKT,complete
24032600194758,BANKNIFTY27MAR24P46800,15,S,0.00,00.00,217.50,15.0,NFO,26/03/2024 13:28:04,NRML,Programetix Automation,MKT,complete
24032600193285,BANKNIFTY27MAR24P46800,15,B,0.00,00.00,221.20,15.0,NFO,26/03/2024 13:25:03,NRML,Programetix Automation,MKT,complete
24032600190722,INDIGO28MAR24C3400,300,B,77.00,00.00,0.00,,NFO,26/03/2024 13:21:02,MIS,Premium jackpot,L,cancelled
24032600184517,BANKNIFTY27MAR24C46800,15,S,0.00,00.00,197.85,15.0,NFO,26/03/2024 13:05:46,NRML,Programetix Automation,MKT,complete
24032600181893,NIFTY28MAR24C22150,50,S,0.00,00.00,95.35,50.0,NFO,26/03/2024 13:00:11,NRML,Programetix Automation,MKT,complete
24032600181699,NIFTY28MAR24C22150,50,B,0.00,00.00,92.85,50.0,NFO,26/03/2024 13:00:00,NRML,Programetix Automation,MKT,complete
24032600181681,NIFTY28MAR24C22150,50,S,0.00,00.00,92.45,50.0,NFO,26/03/2024 12:59:57,NRML,Programetix Automation,MKT,complete
24032600181654,NIFTY28MAR24C22150,50,B,0.00,00.00,91.40,50.0,NFO,26/03/2024 12:59:53,NRML,Programetix Automation,MKT,complete
24032600181632,NIFTY28MAR24C22150,50,S,0.00,00.00,92.05,50.0,NFO,26/03/2024 12:59:50,NRML,Programetix Automation,MKT,complete
24032600181569,NIFTY28MAR24C22150,50,B,0.00,00.00,93.30,50.0,NFO,26/03/2024 12:59:46,NRML,Programetix Automation,MKT,complete
24032600181542,NIFTY28MAR24C22150,50,S,0.00,00.00,92.90,50.0,NFO,26/03/2024 12:59:44,NRML,Programetix Automation,MKT,complete
24032600181502,NIFTY28MAR24C22150,50,B,0.00,00.00,92.45,50.0,NFO,26/03/2024 12:59:39,NRML,Programetix Automation,MKT,complete
24032600181466,NIFTY28MAR24C22150,50,S,0.00,00.00,92.65,50.0,NFO,26/03/2024 12:59:37,NRML,Programetix Automation,MKT,complete
24032600181419,NIFTY28MAR24C22150,50,B,0.00,00.00,92.15,50.0,NFO,26/03/2024 12:59:32,NRML,Programetix Automation,MKT,complete
24032600181375,NIFTY28MAR24C22150,50,S,0.00,00.00,91.40,50.0,NFO,26/03/2024 12:59:30,NRML,Programetix Automation,MKT,complete
24032600181328,NIFTY28MAR24C22150,50,B,0.00,00.00,92.80,50.0,NFO,26/03/2024 12:59:26,NRML,Programetix Automation,MKT,complete
24032600181296,NIFTY28MAR24C22150,50,S,0.00,00.00,92.55,50.0,NFO,26/03/2024 12:59:23,NRML,Programetix Automation,MKT,complete
24032600181119,NIFTY28MAR24C22150,50,B,0.00,00.00,88.00,50.0,NFO,26/03/2024 12:59:03,NRML,Programetix Automation,MKT,complete
24032600179278,NIFTY28MAR24C22150,50,S,0.00,00.00,85.30,50.0,NFO,26/03/2024 12:55:49,NRML,Programetix Automation,MKT,complete
24032600174322,NIFTY28MAR24C22150,50,B,0.00,00.00,84.95,50.0,NFO,26/03/2024 12:47:32,NRML,Programetix Automation,MKT,complete
24032600174279,NIFTY28MAR24C22150,50,S,0.00,00.00,84.85,50.0,NFO,26/03/2024 12:47:29,NRML,Programetix Automation,MKT,complete
24032600173732,BANKNIFTY27MAR24C46800,15,B,0.00,00.00,219.70,15.0,NFO,26/03/2024 12:47:03,NRML,Programetix Automation,MKT,complete
24032600173656,NIFTY28MAR24C22150,50,B,0.00,00.00,86.60,50.0,NFO,26/03/2024 12:47:02,NRML,Programetix Automation,MKT,complete
24032600167409,NIFTY28MAR24C22150,50,S,0.00,00.00,78.45,50.0,NFO,26/03/2024 12:33:06,NRML,Programetix Automation,MKT,complete
24032600166514,BANKNIFTY27MAR24C46800,15,S,0.00,00.00,202.60,15.0,NFO,26/03/2024 12:31:06,NRML,Programetix Automation,MKT,complete
24032600165748,BANKNIFTY27MAR24C46900,30,S,77.95,78.00,0.00,,NFO,26/03/2024 15:16:03,MIS,SmsOptionsPremium,SL,cancelled
24032600165258,BANKNIFTY27MAR24C46900,30,B,160.00,00.00,160.00,30.0,NFO,26/03/2024 12:28:40,MIS,SmsOptionsPremium,L,complete
24032600164968,BANKNIFTY27MAR24C46700,30,S,0.00,230.00,254.30,30.0,NFO,26/03/2024 13:08:14,MIS,PaidCallPut,MKT,complete
24032600164307,BANKNIFTY27MAR24C46700,30,B,270.00,269.95,269.95,30.0,NFO,26/03/2024 12:27:09,MIS,PaidCallPut,L,complete
24032600164237,NIFTY28MAR24C22150,50,B,0.00,00.00,88.50,50.0,NFO,26/03/2024 12:27:05,NRML,Programetix Automation,MKT,complete
24032600164177,BANKNIFTY27MAR24C46800,15,B,0.00,00.00,213.00,15.0,NFO,26/03/2024 12:27:01,NRML,Programetix Automation,MKT,complete
24032600160645,BANKNIFTY27MAR24P46800,15,S,0.00,00.00,231.45,15.0,NFO,26/03/2024 12:19:55,NRML,Programetix Automation,MKT,complete
24032600160109,NIFTY28MAR24P22100,50,S,0.00,00.00,102.05,50.0,NFO,26/03/2024 12:18:31,NRML,Programetix Automation,MKT,complete
24032600159874,BANKNIFTY27MAR24P46800,15,B,0.00,00.00,235.50,15.0,NFO,26/03/2024 12:18:04,NRML,Programetix Automation,MKT,complete
24032600159367,NIFTY28MAR24P22100,50,B,0.00,00.00,106.30,50.0,NFO,26/03/2024 12:17:03,NRML,Programetix Automation,MKT,complete
24032600158923,BANKNIFTY27MAR24P46800,15,S,0.00,00.00,234.15,15.0,NFO,26/03/2024 12:16:04,NRML,Programetix Automation,MKT,complete
24032600157112,NIFTY28MAR24P22100,50,S,0.00,00.00,101.60,50.0,NFO,26/03/2024 12:13:02,NRML,Programetix Automation,MKT,complete
24032600156378,BANKNIFTY27MAR24P46800,15,B,0.00,00.00,235.00,15.0,NFO,26/03/2024 12:12:05,NRML,Programetix Automation,MKT,complete
24032600156346,NIFTY28MAR24P22100,50,B,0.00,00.00,105.95,50.0,NFO,26/03/2024 12:12:03,NRML,Programetix Automation,MKT,complete
24032600147604,BANKNIFTY27MAR24C46800,30,S,123.95,124.00,0.00,,NFO,26/03/2024 15:16:03,MIS,SmsOptionsPremium,SL,cancelled
24032600146566,BANKNIFTY27MAR24C46800,30,S,189.95,190.00,190.00,30.0,NFO,26/03/2024 12:11:26,MIS,SmsOptionsPremium,L,complete
24032600144302,NIFTY28MAR24C22150,50,S,0.00,00.00,83.65,50.0,NFO,26/03/2024 11:49:45,NRML,Programetix Automation,MKT,complete
24032600142450,BANKNIFTY27MAR24C46800,30,B,223.85,00.00,223.85,30.0,NFO,26/03/2024 11:53:30,MIS,SmsOptionsPremium,L,complete
24032600141952,NIFTY28MAR24C22150,50,B,0.00,00.00,86.55,50.0,NFO,26/03/2024 11:45:57,NRML,Programetix Automation,MKT,complete
24032600141921,NIFTY28MAR24C22150,50,S,0.00,00.00,86.50,50.0,NFO,26/03/2024 11:45:54,NRML,Programetix Automation,MKT,complete
24032600141834,NIFTY28MAR24C22150,50,B,0.00,00.00,87.65,50.0,NFO,26/03/2024 11:45:50,NRML,Programetix Automation,MKT,complete
24032600141799,NIFTY28MAR24C22150,50,S,0.00,00.00,87.25,50.0,NFO,26/03/2024 11:45:48,NRML,Programetix Automation,MKT,complete
24032600141739,NIFTY28MAR24C22150,50,B,0.00,00.00,87.85,50.0,NFO,26/03/2024 11:45:44,NRML,Programetix Automation,MKT,complete
24032600141713,NIFTY28MAR24C22100,50,S,0.00,00.00,114.80,50.0,NFO,26/03/2024 11:45:42,NRML,Programetix Automation,MKT,complete
24032600141596,BANKNIFTY27MAR24P47100,30,S,0.00,330.00,402.95,30.0,NFO,26/03/2024 11:55:25,MIS,Premium jackpot,MKT,complete
24032600141014,NIFTY28MAR24C22100,50,B,0.00,00.00,111.15,50.0,NFO,26/03/2024 11:45:03,NRML,Programetix Automation,MKT,complete
24032600140406,BANKNIFTY27MAR24C46800,30,B,215.00,00.00,215.00,30.0,NFO,26/03/2024 11:54:49,MIS,SmsOptionsPremium,L,complete
24032600137487,BANKNIFTY27MAR24C46800,15,S,0.00,00.00,215.15,15.0,NFO,26/03/2024 11:39:58,NRML,Programetix Automation,MKT,complete
24032600137482,BANKNIFTY27MAR24C46800,15,B,0.00,00.00,215.65,15.0,NFO,26/03/2024 11:39:58,NRML,Programetix Automation,MKT,complete
24032600137464,BANKNIFTY27MAR24C46800,15,S,0.00,00.00,214.95,15.0,NFO,26/03/2024 11:39:55,NRML,Programetix Automation,MKT,complete
24032600137463,BANKNIFTY27MAR24C46800,15,B,0.00,00.00,215.35,15.0,NFO,26/03/2024 11:39:55,NRML,Programetix Automation,MKT,complete
24032600137426,BANKNIFTY27MAR24C46800,15,S,0.00,00.00,214.40,15.0,NFO,26/03/2024 11:39:52,NRML,Programetix Automation,MKT,complete
24032600137421,BANKNIFTY27MAR24C46800,15,B,0.00,00.00,215.10,15.0,NFO,26/03/2024 11:39:52,NRML,Programetix Automation,MKT,complete
24032600137406,BANKNIFTY27MAR24C46800,15,S,0.00,00.00,217.20,15.0,NFO,26/03/2024 11:39:49,NRML,Programetix Automation,MKT,complete
24032600137398,BANKNIFTY27MAR24C46800,15,B,0.00,00.00,217.10,15.0,NFO,26/03/2024 11:39:49,NRML,Programetix Automation,MKT,complete
24032600137367,BANKNIFTY27MAR24C46800,15,S,0.00,00.00,216.50,15.0,NFO,26/03/2024 11:39:47,NRML,Programetix Automation,MKT,complete
24032600137361,BANKNIFTY27MAR24C46800,15,B,0.00,00.00,217.40,15.0,NFO,26/03/2024 11:39:46,NRML,Programetix Automation,MKT,complete
24032600137332,BANKNIFTY27MAR24C46800,15,S,0.00,00.00,214.40,15.0,NFO,26/03/2024 11:39:44,NRML,Programetix Automation,MKT,complete
24032600137326,BANKNIFTY27MAR24C46800,15,B,0.00,00.00,214.75,15.0,NFO,26/03/2024 11:39:44,NRML,Programetix Automation,MKT,complete
24032600137297,BANKNIFTY27MAR24C46800,15,S,0.00,00.00,217.95,15.0,NFO,26/03/2024 11:39:41,NRML,Programetix Automation,MKT,complete
24032600137292,BANKNIFTY27MAR24C46800,15,B,0.00,00.00,218.60,15.0,NFO,26/03/2024 11:39:41,NRML,Programetix Automation,MKT,complete
24032600137267,BANKNIFTY27MAR24C46800,15,S,0.00,00.00,216.60,15.0,NFO,26/03/2024 11:39:39,NRML,Programetix Automation,MKT,complete
24032600137261,BANKNIFTY27MAR24C46800,15,B,0.00,00.00,217.10,15.0,NFO,26/03/2024 11:39:38,NRML,Programetix Automation,MKT,complete
24032600137237,BANKNIFTY27MAR24C46800,15,S,0.00,00.00,218.30,15.0,NFO,26/03/2024 11:39:36,NRML,Programetix Automation,MKT,complete
24032600137232,BANKNIFTY27MAR24C46800,15,B,0.00,00.00,219.15,15.0,NFO,26/03/2024 11:39:36,NRML,Programetix Automation,MKT,complete
24032600137204,BANKNIFTY27MAR24C46800,15,S,0.00,00.00,215.30,15.0,NFO,26/03/2024 11:39:33,NRML,Programetix Automation,MKT,complete
24032600137201,BANKNIFTY27MAR24C46800,15,B,0.00,00.00,215.75,15.0,NFO,26/03/2024 11:39:33,NRML,Programetix Automation,MKT,complete
24032600137172,BANKNIFTY27MAR24C46800,15,S,0.00,00.00,214.70,15.0,NFO,26/03/2024 11:39:31,NRML,Programetix Automation,MKT,complete
24032600137167,BANKNIFTY27MAR24C46800,15,B,0.00,00.00,215.35,15.0,NFO,26/03/2024 11:39:30,NRML,Programetix Automation,MKT,complete
24032600137142,BANKNIFTY27MAR24C46800,15,S,0.00,00.00,212.20,15.0,NFO,26/03/2024 11:39:28,NRML,Programetix Automation,MKT,complete
24032600137132,BANKNIFTY27MAR24C46800,15,B,0.00,00.00,212.50,15.0,NFO,26/03/2024 11:39:28,NRML,Programetix Automation,MKT,complete
24032600137109,BANKNIFTY27MAR24P47100,30,B,380.00,00.00,380.00,30.0,NFO,26/03/2024 11:45:00,MIS,Premium jackpot,L,complete
24032600137105,BANKNIFTY27MAR24C46800,15,S,0.00,00.00,214.95,15.0,NFO,26/03/2024 11:39:25,NRML,Programetix Automation,MKT,complete
24032600137097,BANKNIFTY27MAR24C46800,15,B,0.00,00.00,213.25,15.0,NFO,26/03/2024 11:39:25,NRML,Programetix Automation,MKT,complete
24032600137073,BANKNIFTY27MAR24C46800,15,S,0.00,00.00,212.65,15.0,NFO,26/03/2024 11:39:22,NRML,Programetix Automation,MKT,complete
24032600137070,BANKNIFTY27MAR24C46800,15,B,0.00,00.00,213.25,15.0,NFO,26/03/2024 11:39:22,NRML,Programetix Automation,MKT,complete
24032600137032,BANKNIFTY27MAR24C46800,15,S,0.00,00.00,213.80,15.0,NFO,26/03/2024 11:39:20,NRML,Programetix Automation,MKT,complete
24032600137021,BANKNIFTY27MAR24C46800,15,B,0.00,00.00,215.20,15.0,NFO,26/03/2024 11:39:19,NRML,Programetix Automation,MKT,complete
24032600136990,BANKNIFTY27MAR24C46800,15,S,0.00,00.00,215.65,15.0,NFO,26/03/2024 11:39:17,NRML,Programetix Automation,MKT,complete
24032600136987,BANKNIFTY27MAR24C46800,15,B,0.00,00.00,217.80,15.0,NFO,26/03/2024 11:39:17,NRML,Programetix Automation,MKT,complete
24032600136958,BANKNIFTY27MAR24C46800,15,S,0.00,00.00,215.90,15.0,NFO,26/03/2024 11:39:14,NRML,Programetix Automation,MKT,complete
24032600136950,BANKNIFTY27MAR24C46800,15,B,0.00,00.00,216.10,15.0,NFO,26/03/2024 11:39:14,NRML,Programetix Automation,MKT,complete
24032600136924,BANKNIFTY27MAR24C46800,15,S,0.00,00.00,218.15,15.0,NFO,26/03/2024 11:39:12,NRML,Programetix Automation,MKT,complete
24032600136920,BANKNIFTY27MAR24C46800,15,B,0.00,00.00,219.45,15.0,NFO,26/03/2024 11:39:11,NRML,Programetix Automation,MKT,complete
24032600136888,BANKNIFTY27MAR24C46800,15,S,0.00,00.00,219.15,15.0,NFO,26/03/2024 11:39:09,NRML,Programetix Automation,MKT,complete
24032600136886,BANKNIFTY27MAR24C46800,15,B,0.00,00.00,220.10,15.0,NFO,26/03/2024 11:39:09,NRML,Programetix Automation,MKT,complete
24032600136859,BANKNIFTY27MAR24C46800,15,S,0.00,00.00,222.05,15.0,NFO,26/03/2024 11:39:06,NRML,Programetix Automation,MKT,complete
24032600136855,BANKNIFTY27MAR24C46800,15,B,0.00,00.00,221.95,15.0,NFO,26/03/2024 11:39:06,NRML,Programetix Automation,MKT,complete
24032600136836,BANKNIFTY27MAR24C46800,15,S,0.00,00.00,222.05,15.0,NFO,26/03/2024 11:39:04,NRML,Programetix Automation,MKT,complete
24032600136831,BANKNIFTY27MAR24C46800,15,B,0.00,00.00,222.50,15.0,NFO,26/03/2024 11:39:03,NRML,Programetix Automation,MKT,complete
24032600136007,BANKNIFTY27MAR24C46800,15,S,0.00,00.00,223.55,15.0,NFO,26/03/2024 11:37:45,NRML,Programetix Automation,MKT,complete
24032600135567,NIFTY28MAR24C22100,50,S,0.00,00.00,108.45,50.0,NFO,26/03/2024 11:37:06,NRML,Programetix Automation,MKT,complete
24032600134273,BANKNIFTY27MAR24C46800,15,B,0.00,00.00,237.35,15.0,NFO,26/03/2024 11:35:39,NRML,Programetix Automation,MKT,complete
24032600134219,BANKNIFTY27MAR24C46900,15,S,0.00,00.00,192.85,15.0,NFO,26/03/2024 11:35:37,NRML,Programetix Automation,MKT,complete
24032600134115,BANKNIFTY27MAR24C46900,15,B,0.00,00.00,197.15,15.0,NFO,26/03/2024 11:35:31,NRML,Programetix Automation,MKT,complete
24032600134068,BANKNIFTY27MAR24C46800,15,S,0.00,00.00,246.70,15.0,NFO,26/03/2024 11:35:29,NRML,Programetix Automation,MKT,complete
24032600133365,NIFTY28MAR24C22100,50,B,0.00,00.00,113.65,50.0,NFO,26/03/2024 11:35:04,NRML,Programetix Automation,MKT,complete
24032600133224,BANKNIFTY27MAR24C46800,15,B,0.00,00.00,236.35,15.0,NFO,26/03/2024 11:35:01,NRML,Programetix Automation,MKT,complete
24032600132641,BANKNIFTY27MAR24C46700,15,S,258.80,258.85,258.80,15.0,NFO,26/03/2024 11:55:39,MIS,SmsOptionsPremium,L,complete
24032600128487,NIFTY28MAR24C22100,50,S,0.00,00.00,112.50,50.0,NFO,26/03/2024 11:28:14,NRML,Programetix Automation,MKT,complete
24032600128049,BANKNIFTY27MAR24C46700,15,S,0.00,240.00,309.20,15.0,NFO,26/03/2024 11:35:26,MIS,SmsOptionsPremium,MKT,complete
24032600128040,BANKNIFTY27MAR24C46800,15,S,0.00,00.00,217.50,15.0,NFO,26/03/2024 11:27:58,NRML,Programetix Automation,MKT,complete
24032600127114,NIFTY28MAR24C22100,50,B,0.00,00.00,109.75,50.0,NFO,26/03/2024 11:27:02,NRML,Programetix Automation,MKT,complete
24032600125588,BANKNIFTY27MAR24C46800,15,B,0.00,00.00,206.45,15.0,NFO,26/03/2024 11:25:04,NRML,Programetix Automation,MKT,complete
24032600125431,BANKNIFTY27MAR24C46700,15,S,0.00,220.00,291.55,15.0,NFO,26/03/2024 11:34:33,MIS,SmsOptionsPremium,MKT,complete
24032600121282,BANKNIFTY27MAR24C46700,30,B,258.85,258.80,258.85,30.0,NFO,26/03/2024 11:24:13,MIS,SmsOptionsPremium,L,complete
24032600111216,BANKNIFTY27MAR24C46500,15,S,0.00,00.00,362.40,15.0,NFO,26/03/2024 10:59:15,NRML,--,MKT,complete
24032600108752,BANKNIFTY27MAR24C46700,15,S,0.00,154.00,272.90,15.0,NFO,26/03/2024 11:27:58,MIS,SmsOptionsPremium,MKT,complete
24032600106046,BANKNIFTY27MAR24C46700,30,B,240.00,00.00,240.00,30.0,NFO,26/03/2024 10:54:00,MIS,SmsOptionsPremium,L,complete
24032600104276,BANKNIFTY27MAR24P46700,15,S,0.00,00.00,215.15,15.0,NFO,26/03/2024 10:48:34,NRML,Programetix Automation,MKT,complete
24032600102165,BANKNIFTY27MAR24P46700,15,B,0.00,00.00,222.95,15.0,NFO,26/03/2024 10:45:48,NRML,Programetix Automation,MKT,complete
24032600102141,BANKNIFTY27MAR24P46700,15,S,0.00,00.00,222.85,15.0,NFO,26/03/2024 10:45:45,NRML,Programetix Automation,MKT,complete
24032600102137,BANKNIFTY27MAR24P46700,15,B,0.00,00.00,224.45,15.0,NFO,26/03/2024 10:45:45,NRML,Programetix Automation,MKT,complete
24032600102116,BANKNIFTY27MAR24P46700,15,S,0.00,00.00,221.45,15.0,NFO,26/03/2024 10:45:43,NRML,Programetix Automation,MKT,complete
24032600101646,BANKNIFTY27MAR24P46700,15,B,0.00,00.00,226.05,15.0,NFO,26/03/2024 10:45:01,NRML,Programetix Automation,MKT,complete
24032600097193,BANKNIFTY27MAR24C46500,30,S,0.00,340.00,370.10,30.0,NFO,26/03/2024 11:22:49,MIS,Premium jackpot,MKT,complete
24032600094870,BANKNIFTY27MAR24C46500,30,B,380.00,00.00,380.00,30.0,NFO,26/03/2024 10:38:07,MIS,Premium jackpot,L,complete
24032600093779,BANKNIFTY27MAR24C46800,15,S,0.00,00.00,217.35,15.0,NFO,26/03/2024 10:34:01,NRML,Programetix Automation,MKT,complete
24032600092357,BANKNIFTY27MAR24C46500,30,S,359.95,360.00,360.00,30.0,NFO,26/03/2024 10:41:01,MIS,Premium jackpot,L,complete
24032600091411,BANKNIFTY27MAR24C46500,30,B,420.00,00.00,420.00,30.0,NFO,26/03/2024 10:32:25,MIS,Premium jackpot,L,complete
24032600091060,NIFTY28MAR24C22100,50,S,0.00,00.00,117.60,50.0,NFO,26/03/2024 10:31:42,NRML,Programetix Automation,MKT,complete
24032600090604,BANKNIFTY27MAR24C46800,30,S,214.95,215.00,215.00,30.0,NFO,26/03/2024 10:33:30,MIS,SmsOptionsPremium,L,complete
24032600090111,BANKNIFTY27MAR24C46800,15,B,0.00,00.00,249.85,15.0,NFO,26/03/2024 10:31:03,NRML,Programetix Automation,MKT,complete
24032600089831,NIFTY28MAR24C22100,50,B,0.00,00.00,118.70,50.0,NFO,26/03/2024 10:30:57,NRML,Programetix Automation,MKT,complete
24032600089744,NIFTY28MAR24C22150,50,S,0.00,00.00,90.60,50.0,NFO,26/03/2024 10:30:54,NRML,Programetix Automation,MKT,complete
24032600089480,NIFTY28MAR24C22150,50,B,0.00,00.00,91.90,50.0,NFO,26/03/2024 10:30:48,NRML,Programetix Automation,MKT,complete
24032600089359,NIFTY28MAR24C22150,50,S,0.00,00.00,94.00,50.0,NFO,26/03/2024 10:30:46,NRML,Programetix Automation,MKT,complete
24032600089069,NIFTY28MAR24C22150,50,B,0.00,00.00,91.95,50.0,NFO,26/03/2024 10:30:40,NRML,Programetix Automation,MKT,complete
24032600088960,BANKNIFTY27MAR24P46700,15,S,0.00,00.00,187.65,15.0,NFO,26/03/2024 10:30:38,NRML,Programetix Automation,MKT,complete
24032600088923,NIFTY28MAR24C22150,50,S,0.00,00.00,94.30,50.0,NFO,26/03/2024 10:30:37,NRML,Programetix Automation,MKT,complete
24032600088623,NIFTY28MAR24C22150,50,B,0.00,00.00,94.00,50.0,NFO,26/03/2024 10:30:29,NRML,Programetix Automation,MKT,complete
24032600088531,NIFTY28MAR24C22100,50,S,0.00,00.00,120.60,50.0,NFO,26/03/2024 10:30:26,NRML,Programetix Automation,MKT,complete
24032600087721,NIFTY28MAR24C22100,50,B,0.00,00.00,113.00,50.0,NFO,26/03/2024 10:30:04,NRML,Programetix Automation,MKT,complete
24032600083288,BANKNIFTY27MAR24P46700,30,S,133.95,134.00,0.00,,NFO,26/03/2024 15:16:03,MIS,SmsOptionsPremium,SL,cancelled
24032600082947,BANKNIFTY27MAR24P46700,30,B,225.00,00.00,225.00,30.0,NFO,26/03/2024 10:23:58,MIS,SmsOptionsPremium,L,complete
24032600078435,BANKNIFTY27MAR24P46800,30,S,183.95,184.00,0.00,,NFO,26/03/2024 15:16:03,MIS,SmsOptionsPremium,SL,cancelled
24032600073657,BANKNIFTY27MAR24P46800,30,S,236.95,237.00,237.00,30.0,NFO,26/03/2024 10:30:34,MIS,SmsOptionsPremium,L,complete
24032600073327,LALPATHLAB28MAR24C2200,300,B,37.00,00.00,0.00,,NFO,26/03/2024 10:11:36,MIS,Premium jackpot,L,cancelled
24032600072039,BANKNIFTY27MAR24P46800,30,B,278.85,00.00,278.85,30.0,NFO,26/03/2024 10:11:27,MIS,SmsOptionsPremium,L,complete
24032600068413,BANKNIFTY27MAR24P46800,30,B,270.00,00.00,270.00,30.0,NFO,26/03/2024 10:16:49,MIS,SmsOptionsPremium,L,complete
24032600063674,NIFTY28MAR24C22200,100,S,21.95,22.00,0.00,,NFO,26/03/2024 15:16:03,MIS,SmsOptionsPremium,SL,cancelled
24032600063612,BANKNIFTY27MAR24P46700,15,B,0.00,00.00,232.05,15.0,NFO,26/03/2024 10:04:01,NRML,Programetix Automation,MKT,complete
24032600061817,NIFTY28MAR24C22200,100,B,57.00,00.00,57.00,100.0,NFO,26/03/2024 10:03:52,MIS,SmsOptionsPremium,L,complete
24032600053471,NIFTY28MAR24P22100,50,S,0.00,00.00,118.60,50.0,NFO,26/03/2024 09:53:04,NRML,Programetix Automation,MKT,complete
24032600052371,NIFTY28MAR24P22100,50,B,0.00,00.00,125.70,50.0,NFO,26/03/2024 09:52:02,NRML,Programetix Automation,MKT,complete
24032600049337,NIFTY28MAR24P22100,50,S,0.00,00.00,121.50,50.0,NFO,26/03/2024 09:48:49,NRML,Programetix Automation,MKT,complete
24032600048714,BANKNIFTY27MAR24C46800,30,B,253.85,253.80,253.85,30.0,NFO,26/03/2024 10:30:45,MIS,SmsOptionsPremium,L,complete
24032600045936,BANKNIFTY27MAR24C46500,30,S,0.00,370.00,424.80,30.0,NFO,26/03/2024 09:50:07,MIS,Premium jackpot,MKT,complete
24032600042413,BANKNIFTY27MAR24C46500,30,B,410.00,00.00,410.00,30.0,NFO,26/03/2024 09:45:33,MIS,Premium jackpot,L,complete
24032600041686,NIFTY28MAR24P22100,50,B,0.00,00.00,118.35,50.0,NFO,26/03/2024 09:42:02,NRML,Programetix Automation,MKT,complete
24032600029471,BANKNIFTY27MAR24C46800,30,S,173.95,174.00,174.00,30.0,NFO,26/03/2024 13:29:17,MIS,SmsOptionsPremium,L,complete
24032600029138,BANKNIFTY27MAR24C46800,30,B,265.00,00.00,265.00,30.0,NFO,26/03/2024 09:32:39,MIS,SmsOptionsPremium,L,complete
24032600026667,BANKNIFTY27MAR24P46800,30,S,249.95,250.00,250.00,30.0,NFO,26/03/2024 09:31:39,MIS,PaidCallPut,L,complete
24032600022968,BANKNIFTY27MAR24P47100,30,S,0.00,310.00,417.45,30.0,NFO,26/03/2024 09:32:11,MIS,PaidStockIndexOption,MKT,complete
24032600021878,BANKNIFTY27MAR24P46800,30,B,280.00,279.95,280.00,30.0,NFO,26/03/2024 09:30:16,MIS,PaidCallPut,L,complete
24032600014606,MARUTI28MAR24P12400,50,B,185.00,00.00,0.00,,NFO,26/03/2024 09:33:38,MIS,PaidStockIndexOption,L,cancelled
24032600012003,FINNIFTY26MAR24P20800,80,S,0.00,35.00,76.00,80.0,NFO,26/03/2024 09:32:53,MIS,PaidStockIndexOption,MKT,complete
24032600010059,FINNIFTY26MAR24P20800,80,B,80.00,00.00,80.00,80.0,NFO,26/03/2024 09:20:24,MIS,PaidStockIndexOption,L,complete
24032600008995,BANKNIFTY27MAR24C46500,30,S,0.00,400.00,454.15,30.0,NFO,26/03/2024 09:19:41,MIS,Premium jackpot,MKT,complete
24032600008117,BANKNIFTY27MAR24C46500,30,B,440.00,439.95,440.00,30.0,NFO,26/03/2024 09:18:39,MIS,Premium jackpot,L,complete
24032600006270,BANKNIFTY27MAR24P47100,30,B,420.00,00.00,420.00,30.0,NFO,26/03/2024 09:27:44,MIS,PaidStockIndexOption,L,complete
