symbol,quantity,product,last_price,exchange,day_buy_value,day_sell_value,MtoM
FINNIFTY26MAR24C20700,0,MIS,5.90,NFO,3200.0,960.0,-2240.00
POLYCAB28MAR24C5000,0,MIS,61.85,NFO,13000.0,13235.001,235.00
BANKNIFTY27MAR24P47000,0,MIS,343.00,NFO,10200.0,10870.5,670.50
BANKNIFTY27MAR24C46900,0,MIS,99.00,NFO,4800.0,2928.0,-1872.00
BANKNIFTY27MAR24C46700,0,MIS,196.00,NFO,23064.299,24615.9,1551.60
BANKNIFTY27MAR24P46700,0,MIS,167.40,NFO,12900.0,10740.0,-2160.00
NIFTY28MAR24C22200,0,MIS,44.90,NFO,5700.0,4335.0,-1365.00
BANKNIFTY27MAR24C46800,0,MIS,140.65,NFO,28731.6,21544.799,-7186.80
BANKNIFTY27MAR24P46800,0,MIS,217.75,NFO,38931.0,36478.5,-2452.50
FINNIFTY26MAR24P20800,0,MIS,93.75,NFO,6400.0,6080.0,-320.00
BANKNIFTY27MAR24C46500,0,MIS,321.00,NFO,49500.0,48271.203,-1228.80
BANKNIFTY27MAR24P47100,0,MIS,413.40,NFO,24000.0,24612.0,612.00
NIFTY28MAR24P22050,0,NRML,71.20,NFO,8678.0,8535.0,-143.00
BANKNIFTY27MAR24P46800,0,NRML,217.75,NFO,10375.65,10246.5,-129.15
BANKNIFTY27MAR24C46900,0,NRML,99.00,NFO,2957.25,2892.75,-64.50
BANKNIFTY27MAR24C46800,0,NRML,140.65,NFO,88739.55,87714.9,-1024.65
NIFTY28MAR24C22150,0,NRML,63.65,NFO,76398.0,75658.5,-739.50
NIFTY28MAR24C22100,0,NRML,88.25,NFO,28312.5,28697.5,385.00
BANKNIFTY27MAR24P46700,0,NRML,167.40,NFO,59023.5,58356.598,-666.90
NIFTY28MAR24P22100,0,NRML,93.00,NFO,43556.0,43204.0,-352.00
BANKNIFTY27MAR24C46500,0,NRML,321.00,NFO,0.0,5436.0,0.00
