PaidStockIndexOption,41711079827,NFO:MIDCPNIFTY22MAR24P10450,55|60,90|150|300,20,75|75,Cancel,2024-03-22 09:27:07
PaidStockIndexOption,41711079886,NFO:BANKNIFTY27MAR24P46800,360|370,500|600|800,270,15|15,Cancel,2024-03-22 09:28:06
Premium jackpot,11711080051,NFO:BANKNIFTY27MAR24C46500,420|430,460.0|500.0|530.0|630.0|680.0,380,15|15,Buy,2024-03-22 09:30:51
Premium jackpot,11711080051,NFO:BANKNIFTY27MAR24C46500,460|470,500.0|540.0|570.0|670.0|720.0,410,15|15,Buy,2024-03-22 09:30:51
Premium jackpot,11711080185,NFO:BANKNIFTY27MAR24C46500,420|430,460.0|500.0|530.0|630.0|680.0,380,15|15,Cancel,2024-03-22 09:33:05
SmsOptionsPremium,21711080391,NFO:BANKNIFTY27MAR24P46600,285|305,330|360|390|420|450,214,15|15,Buy,2024-03-22 09:36:31
PaidStockIndexOption,41711080435,NFO:BANKNIFTY27MAR24P46900,360|370,500|600|800,270,15|15,Buy,2024-03-22 09:37:15
SmsOptionsPremium,21711080543,NFO:BANKNIFTY27MAR24C47000,240|265,290|320|330|360|400,174,15|15,Buy,2024-03-22 09:39:03
Premium jackpot,11711080622,NFO:BANKNIFTY27MAR24C46500,460|470,500.0|540.0|570.0|670.0|720.0,410,15|15,Cancel,2024-03-22 09:40:22
PaidStockIndexOption,41711080801,BFO:SENSEX2432272500PE,160|170,220|340|650,100,10|10,Buy,2024-03-22 09:43:21
PaidStockIndexOption,41711081024,BFO:SENSEX2432272500PE,160|170,220|340|650,100,10|10,Cancel,2024-03-22 09:47:04
PaidStockIndexOption,41711081069,NFO:BANKNIFTY27MAR24P46900,360|370,500|600|800,270,15|15,Cancel,2024-03-22 09:47:49
SmsOptionsPremium,21711081197,NFO:BANKNIFTY27MAR24C46900,283.85,305|330|360|400,241,15|15,Buy,2024-03-22 09:49:57
SmsOptionsPremium,21711081580,NFO:BANKNIFTY27MAR24C46900,260|285,310|340|370|400,194,15|15,Buy,2024-03-22 09:56:20
SmsOptionsPremium,21711082247,NFO:BANKNIFTY27MAR24C47000,263.85,285|310|340|370|400,224,15|15,Buy,2024-03-22 10:07:27
SmsOptionsPremium,21711082400,NFO:NIFTY28MAR24C22200,58|64,80|100|125|150,32,50|50,Buy,2024-03-22 10:10:00
PaidStockIndexOption,41711083819,NFO:BANKNIFTY27MAR24P47200,400|420,550|650|850,280,15|15,Buy,2024-03-22 10:33:39
PaidStockIndexOption,41711083930,BFO:SENSEX2432272800PE,135|140,220|340|650,65,10|10,Buy,2024-03-22 10:35:30
SmsOptionsPremium,21711084127,NFO:BANKNIFTY27MAR24C47100,235|255,280|310|340|370|400,164,15|15,Buy,2024-03-22 10:38:47
PaidStockIndexOption,41711084721,BFO:SENSEX2432272800PE,135|140,220|340|650,65,10|10,Cancel,2024-03-22 10:48:41
SmsOptionsPremium,21711084764,NFO:NIFTY28MAR24P21900,55|61,75|100|125|150,28,50|50,Buy,2024-03-22 10:49:24
Premium jackpot,11711084938,NFO:APOLLOHOSP28MAR24C6200,142,147|160,135,125,Buy,2024-03-22 10:52:18
SmsOptionsPremium,21711085092,NFO:BANKNIFTY27MAR24C47100,258.85,280|310|340|370|400,220,15|15,Buy,2024-03-22 10:54:52
Premium jackpot,11711085097,NFO:APOLLOHOSP28MAR24C6200,142,147|160,135,125,Cancel,2024-03-22 10:54:57
PaidCallPut,31711085216,NFO:BANKNIFTY27MAR24P46700,260,400|600,220,15|15,Buy,2024-03-22 10:56:56
PaidStockIndexOption,41711086061,NFO:MIDCPNIFTY22MAR24P10475,70|75,175.0|225.0|375.0,35,75|75,Buy,2024-03-22 11:11:01
Premium jackpot,11711087277,BFO:SENSEX2432273000PE,220|225,30|70|100|200|250,180,10|10,Buy,2024-03-22 11:31:17
SmsOptionsPremium,21711087476,NFO:NIFTY28MAR24C22300,62|68,85|100|125|150,34,50|50,Buy,2024-03-22 11:34:36
Premium jackpot,11711087864,BFO:SENSEX2432273000PE,220|225,30|70|100|200|250,180,10|10,Cancel,2024-03-22 11:41:04
Premium jackpot,11711087955,BFO:SENSEX2432273000PE,180|190,30|70|100|200|250,140,10|10,Buy,2024-03-22 11:42:35
Premium jackpot,11711088247,BFO:SENSEX2432273000PE,180|190,30|70|100|200|250,140,10|10,Cancel,2024-03-22 11:47:27
SmsOptionsPremium,21711088428,NFO:BANKNIFTY27MAR24C47200,195|215,240|270|300,124,15|15,Buy,2024-03-22 11:50:28
Premium jackpot,11711088506,BFO:SENSEX2432272200PE,15|17,24|40|50,0,10|10,Buy,2024-03-22 11:51:46
Premium jackpot,11711089419,BFO:SENSEX2432272200PE,15|17,24|40|50,0,10|10,Cancel,2024-03-22 12:06:59
PaidStockIndexOption,41711089466,BFO:BANKEX24MAR53200PE,135|140,220|340|650,65,15|15,Buy,2024-03-22 12:07:46
PaidStockIndexOption,41711089895,BFO:BANKEX24MAR53200PE,135|140,220|340|650,65,15|15,Cancel,2024-03-22 12:14:55
PaidStockIndexOption,41711090082,NFO:MIDCPNIFTY22MAR24P10475,70|75,175.0|225.0|375.0,35,75|75,Cancel,2024-03-22 12:18:02
SmsOptionsPremium,21711090182,NFO:BANKNIFTY27MAR24P46700,240|250,280|310|340|370|400,164,15|15,Buy,2024-03-22 12:19:42
PaidStockIndexOption,41711095188,BFO:SENSEX2432272700PE,30|35,135.0|215.0|335.0|435.0,00,10|10,Buy,2024-03-22 13:43:08
PaidStockIndexOption,41711095526,BFO:SENSEX2432272700PE,30|35,135.0|215.0|335.0|435.0,00,10|10,Cancel,2024-03-22 13:48:46
PaidStockIndexOption,41711097274,BFO:SENSEX2432272900PE,45|50,150.0|230.0|350.0|450.0,00,10|10,Buy,2024-03-22 14:17:54
PaidCallPut,31711098418,NFO:BANKNIFTY27MAR24P46700,260,400|600,220,15|15,Cancel,2024-03-22 14:36:58
PaidStockIndexOption,41711099023,BFO:SENSEX2432273000PE,25|30,130.0|210.0|330.0|430.0,00,10|10,Buy,2024-03-22 14:47:03
PaidStockIndexOption,41711099206,BFO:SENSEX2432273000PE,25|30,130.0|210.0|330.0|430.0,00,10|10,Cancel,2024-03-22 14:50:06
Premium jackpot,11711099946,NFO:BANKNIFTY27MAR24C46700,430|435,465.0|505.0|535.0|635.0|685.0,400,15|15,Buy,2024-03-22 15:02:26
Premium jackpot,11711100025,NFO:BANKNIFTY27MAR24C46700,430|435,465.0|505.0|535.0|635.0|685.0,400,15|15,Cancel,2024-03-22 15:03:45
PaidStockIndexOption,41711100366,BFO:SENSEX2432272900PE,45|50,150.0|230.0|350.0|450.0,00,10|10,Cancel,2024-03-22 15:09:26
