[
    {
        "channel": "PaidStockIndexOption",
        "id": 4171142482685446,
        "symbol": "NFO:BANKNIFTY27MAR24P47100",
        "entry_range": "400|420",
        "target_range": "500|600|800",
        "sl": 310,
        "quantity": "15|15",
        "action": "Buy",
        "timestamp": "2024-03-26 09:17:06",
        "q1": 15,
        "q2": 15,
        "tq": 30,
        "fn": "XXX",
        "price": 420.0,
        "ltp": 422.5,
        "pnl": 75.0,
        "entry": {
            "symbol": "BANKNIFTY27MAR24P47100",
            "quantity": 30,
            "side": "B",
            "price": "420.00",
            "trigger_price": "00.00",
            "average_price": "420.00",
            "filled_quantity": 30,
            "exchange": "NFO",
            "order_id": "24032600006270",
            "broker_timestamp": "26/03/2024 09:27:44",
            "product": "MIS",
            "remarks": "PaidStockIndexOption",
            "order_type": "L",
            "Status": "complete"
        },
        "stop": {
            "symbol": "BANKNIFTY27MAR24P47100",
            "quantity": 30,
            "side": "S",
            "price": "309.95",
            "trigger_price": "310.00",
            "average_price": "0.00",
            "exchange": "NFO",
            "order_id": "24032600022968",
            "broker_timestamp": "26/03/2024 09:28:06",
            "product": "MIS",
            "remarks": "PaidStockIndexOption",
            "order_type": "SL",
            "Status": "trigger pending"
        }
    },
    {
        "channel": "Premium jackpot",
        "id": 1171142488692997,
        "symbol": "NFO:BANKNIFTY27MAR24C46500",
        "entry_range": "440|445",
        "target_range": "475.0|515.0|545.0|645.0|695.0",
        "sl": 400,
        "quantity": "15|15",
        "action": "Buy",
        "timestamp": "2024-03-26 09:18:06",
        "q1": 15,
        "q2": 15,
        "tq": 30,
        "fn": "XXX",
        "price": 440.0,
        "ltp": 454.95,
        "pnl": 448.5,
        "entry": {
            "symbol": "BANKNIFTY27MAR24C46500",
            "quantity": 30,
            "side": "B",
            "price": "440.00",
            "trigger_price": "439.95",
            "average_price": "440.00",
            "filled_quantity": 30,
            "exchange": "NFO",
            "order_id": "24032600008117",
            "broker_timestamp": "26/03/2024 09:18:39",
            "product": "MIS",
            "remarks": "Premium jackpot",
            "order_type": "L",
            "Status": "complete"
        },
        "stop": {
            "symbol": "BANKNIFTY27MAR24C46500",
            "quantity": 30,
            "side": "S",
            "price": "399.95",
            "trigger_price": "400.00",
            "average_price": "0.00",
            "exchange": "NFO",
            "order_id": "24032600008995",
            "broker_timestamp": "26/03/2024 09:18:46",
            "product": "MIS",
            "remarks": "Premium jackpot",
            "order_type": "SL",
            "Status": "trigger pending"
        }
    },
    {
        "channel": "PaidStockIndexOption",
        "id": 4171142495620859,
        "symbol": "NFO:FINNIFTY26MAR24P20800",
        "entry_range": "75|80",
        "target_range": "200.0|230.0|380.0",
        "sl": 35,
        "quantity": "40|40",
        "action": "Buy",
        "timestamp": "2024-03-26 09:19:16",
        "q1": 40,
        "q2": 40,
        "tq": 80,
        "fn": "XXX",
        "price": 80.0,
        "ltp": 75.0,
        "pnl": -400.0,
        "entry": {
            "symbol": "FINNIFTY26MAR24P20800",
            "quantity": 80,
            "side": "B",
            "price": "80.00",
            "trigger_price": "00.00",
            "average_price": "80.00",
            "filled_quantity": 80,
            "exchange": "NFO",
            "order_id": "24032600010059",
            "broker_timestamp": "26/03/2024 09:20:24",
            "product": "MIS",
            "remarks": "PaidStockIndexOption",
            "order_type": "L",
            "Status": "complete"
        },
        "stop": {
            "symbol": "FINNIFTY26MAR24P20800",
            "quantity": 80,
            "side": "S",
            "price": "34.95",
            "trigger_price": "35.00",
            "average_price": "0.00",
            "exchange": "NFO",
            "order_id": "24032600012003",
            "broker_timestamp": "26/03/2024 09:20:32",
            "product": "MIS",
            "remarks": "PaidStockIndexOption",
            "order_type": "SL",
            "Status": "trigger pending"
        }
    },
    {
        "channel": "Premium jackpot",
        "id": 1171142497707624,
        "symbol": "NFO:BANKNIFTY27MAR24C46500",
        "entry_range": "440|445",
        "target_range": "475.0|515.0|545.0|645.0|695.0",
        "sl": 400,
        "quantity": "15|15",
        "action": "Cancel",
        "timestamp": "2024-03-26 09:19:37",
        "fn": "XXX"
    },
    {
        "channel": "PaidStockIndexOption",
        "id": 4171142512118286,
        "symbol": "NFO:MARUTI28MAR24P12400",
        "entry_range": "180|185",
        "target_range": "240|300|400",
        "sl": 130,
        "quantity": "50",
        "action": "Buy",
        "timestamp": "2024-03-26 09:22:01",
        "q1": 50,
        "tq": 50,
        "fn": "XXX",
        "price": 185.0,
        "ltp": 202.65,
        "pnl": 0,
        "entry": {
            "symbol": "MARUTI28MAR24P12400",
            "quantity": 50,
            "side": "B",
            "price": "185.00",
            "trigger_price": "00.00",
            "average_price": "0.00",
            "exchange": "NFO",
            "order_id": "24032600014606",
            "broker_timestamp": "26/03/2024 09:22:17",
            "product": "MIS",
            "remarks": "PaidStockIndexOption",
            "order_type": "L",
            "Status": "open"
        }
    },
    {
        "channel": "PaidCallPut",
        "id": 3171142543972478,
        "symbol": "NFO:BANKNIFTY27MAR24P46800",
        "entry_range": "280",
        "target_range": "380|450",
        "sl": 250,
        "quantity": "15|15",
        "action": "Buy",
        "timestamp": "2024-03-26 09:27:19",
        "q1": 15,
        "q2": 15,
        "tq": 30,
        "fn": "STOPPED-OUT",
        "price": 280.0,
        "ltp": 258.75,
        "pnl": -637.5,
        "entry": {
            "symbol": "BANKNIFTY27MAR24P46800",
            "quantity": 30,
            "side": "B",
            "price": "280.00",
            "trigger_price": "279.95",
            "average_price": "280.00",
            "filled_quantity": 30,
            "exchange": "NFO",
            "order_id": "24032600021878",
            "broker_timestamp": "26/03/2024 09:30:16",
            "product": "MIS",
            "remarks": "PaidCallPut",
            "order_type": "L",
            "Status": "complete"
        },
        "stop": {
            "symbol": "BANKNIFTY27MAR24P46800",
            "quantity": 30,
            "side": "S",
            "price": "249.95",
            "trigger_price": "250.00",
            "average_price": "250.00",
            "filled_quantity": 30,
            "exchange": "NFO",
            "order_id": "24032600026667",
            "broker_timestamp": "26/03/2024 09:31:39",
            "product": "MIS",
            "remarks": "PaidCallPut",
            "order_type": "L",
            "Status": "complete"
        }
    },
    {
        "channel": "PaidStockIndexOption",
        "id": 4171142572263672,
        "symbol": "NFO:BANKNIFTY27MAR24P47100",
        "entry_range": "400|420",
        "target_range": "500|600|800",
        "sl": 310,
        "quantity": "15|15",
        "action": "Cancel",
        "timestamp": "2024-03-26 09:32:02",
        "fn": "XXX"
    },
    {
        "channel": "SmsOptionsPremium",
        "id": 2171142575055825,
        "symbol": "NFO:BANKNIFTY27MAR24C46800",
        "entry_range": "245|265",
        "target_range": "290|320|350|380|425",
        "sl": 174,
        "quantity": "15|15",
        "action": "Buy",
        "timestamp": "2024-03-26 09:32:30",
        "q1": 15,
        "q2": 15,
        "tq": 30,
        "fn": "STOPPED-OUT",
        "price": 265.0,
        "ltp": 174.55,
        "pnl": -2713.5,
        "entry": {
            "symbol": "BANKNIFTY27MAR24C46800",
            "quantity": 30,
            "side": "B",
            "price": "265.00",
            "trigger_price": "00.00",
            "average_price": "265.00",
            "filled_quantity": 30,
            "exchange": "NFO",
            "order_id": "24032600029138",
            "broker_timestamp": "26/03/2024 09:32:39",
            "product": "MIS",
            "remarks": "SmsOptionsPremium",
            "order_type": "L",
            "Status": "complete"
        },
        "stop": {
            "symbol": "BANKNIFTY27MAR24C46800",
            "quantity": 30,
            "side": "S",
            "price": "173.95",
            "trigger_price": "174.00",
            "average_price": "174.00",
            "filled_quantity": 30,
            "exchange": "NFO",
            "order_id": "24032600029471",
            "broker_timestamp": "26/03/2024 13:29:17",
            "product": "MIS",
            "remarks": "SmsOptionsPremium",
            "order_type": "L",
            "Status": "complete"
        }
    },
    {
        "channel": "PaidStockIndexOption",
        "id": 4171142576859172,
        "symbol": "NFO:FINNIFTY26MAR24P20800",
        "entry_range": "75|80",
        "target_range": "200.0|230.0|380.0",
        "sl": 35,
        "quantity": "40|40",
        "action": "Cancel",
        "timestamp": "2024-03-26 09:32:48",
        "fn": "XXX"
    },
    {
        "channel": "PaidStockIndexOption",
        "id": 4171142581171764,
        "symbol": "NFO:MARUTI28MAR24P12400",
        "entry_range": "180|185",
        "target_range": "240|300|400",
        "sl": 130,
        "quantity": "50",
        "action": "Cancel",
        "timestamp": "2024-03-26 09:33:31",
        "fn": "XXX"
    },
    {
        "channel": "Premium jackpot",
        "id": 1171142635394817,
        "symbol": "NFO:BANKNIFTY27MAR24C46500",
        "entry_range": "400|410",
        "target_range": "440.0|480.0|510.0|610.0|660.0",
        "sl": 370,
        "quantity": "15|15",
        "action": "Buy",
        "timestamp": "2024-03-26 09:42:33",
        "q1": 15,
        "q2": 15,
        "tq": 30,
        "fn": "XXX",
        "price": 410.0,
        "ltp": 421.8,
        "pnl": 354.0,
        "entry": {
            "symbol": "BANKNIFTY27MAR24C46500",
            "quantity": 30,
            "side": "B",
            "price": "410.00",
            "trigger_price": "00.00",
            "average_price": "410.00",
            "filled_quantity": 30,
            "exchange": "NFO",
            "order_id": "24032600042413",
            "broker_timestamp": "26/03/2024 09:45:33",
            "product": "MIS",
            "remarks": "Premium jackpot",
            "order_type": "L",
            "Status": "complete"
        },
        "stop": {
            "symbol": "BANKNIFTY27MAR24C46500",
            "quantity": 30,
            "side": "S",
            "price": "369.95",
            "trigger_price": "370.00",
            "average_price": "0.00",
            "exchange": "NFO",
            "order_id": "24032600045936",
            "broker_timestamp": "26/03/2024 09:45:49",
            "product": "MIS",
            "remarks": "Premium jackpot",
            "order_type": "SL",
            "Status": "trigger pending"
        }
    },
    {
        "channel": "SmsOptionsPremium",
        "id": 2171142667339730,
        "symbol": "NFO:BANKNIFTY27MAR24C46800",
        "entry_range": "253.85",
        "target_range": "285|300|330|360|400",
        "sl": 215,
        "quantity": "15|15",
        "action": "Buy",
        "timestamp": "2024-03-26 09:47:53",
        "q1": 15,
        "q2": 15,
        "tq": 30,
        "fn": "STOPPED-OUT",
        "price": 253.85,
        "ltp": 215.05,
        "pnl": -1164.0,
        "entry": {
            "symbol": "BANKNIFTY27MAR24C46800",
            "quantity": 30,
            "side": "B",
            "price": "253.85",
            "trigger_price": "253.80",
            "average_price": "253.85",
            "filled_quantity": 30,
            "exchange": "NFO",
            "order_id": "24032600048714",
            "broker_timestamp": "26/03/2024 10:30:45",
            "product": "MIS",
            "remarks": "SmsOptionsPremium",
            "order_type": "L",
            "Status": "complete"
        },
        "stop": {
            "symbol": "BANKNIFTY27MAR24C46800",
            "quantity": 30,
            "side": "S",
            "price": "214.95",
            "trigger_price": "215.00",
            "average_price": "215.00",
            "filled_quantity": 30,
            "exchange": "NFO",
            "order_id": "24032600090604",
            "broker_timestamp": "26/03/2024 10:33:30",
            "product": "MIS",
            "remarks": "SmsOptionsPremium",
            "order_type": "L",
            "Status": "complete"
        }
    },
    {
        "channel": "Premium jackpot",
        "id": 1171142679678019,
        "symbol": "NFO:BANKNIFTY27MAR24C46500",
        "entry_range": "400|410",
        "target_range": "440.0|480.0|510.0|610.0|660.0",
        "sl": 370,
        "quantity": "15|15",
        "action": "Cancel",
        "timestamp": "2024-03-26 09:49:56",
        "fn": "XXX"
    },
    {
        "channel": "Premium jackpot",
        "id": 1171142753205802,
        "symbol": "NFO:LALPATHLAB28MAR24C2200",
        "entry_range": "50",
        "target_range": "54|60",
        "sl": 42,
        "quantity": "300",
        "action": "Cancel",
        "timestamp": "2024-03-26 10:02:12",
        "fn": "XXX"
    },
    {
        "channel": "SmsOptionsPremium",
        "id": 2171142753653259,
        "symbol": "NFO:NIFTY28MAR24C22200",
        "entry_range": "51|57",
        "target_range": "72|95|115|150",
        "sl": 22,
        "quantity": "50|50",
        "action": "Buy",
        "timestamp": "2024-03-26 10:02:16",
        "q1": 50,
        "q2": 50,
        "tq": 100,
        "fn": "is_stop_or_target1",
        "price": 57.0,
        "ltp": 44.9,
        "pnl": -1210.0,
        "entry": {
            "symbol": "NIFTY28MAR24C22200",
            "quantity": 100,
            "side": "B",
            "price": "57.00",
            "trigger_price": "00.00",
            "average_price": "57.00",
            "filled_quantity": 100,
            "exchange": "NFO",
            "order_id": "24032600061817",
            "broker_timestamp": "26/03/2024 10:03:52",
            "product": "MIS",
            "remarks": "SmsOptionsPremium",
            "order_type": "L",
            "Status": "complete"
        },
        "stop": {
            "symbol": "NIFTY28MAR24C22200",
            "quantity": 100,
            "side": "S",
            "price": "21.95",
            "trigger_price": "22.00",
            "average_price": "0.00",
            "exchange": "NFO",
            "order_id": "24032600063674",
            "broker_timestamp": "26/03/2024 10:04:02",
            "product": "MIS",
            "remarks": "SmsOptionsPremium",
            "order_type": "SL",
            "Status": "trigger pending"
        }
    },
    {
        "channel": "SmsOptionsPremium",
        "id": 2171142783834906,
        "symbol": "NFO:BANKNIFTY27MAR24P46800",
        "entry_range": "250|270",
        "target_range": "295|320|330|360|400",
        "sl": 184,
        "quantity": "15|15",
        "action": "Buy",
        "timestamp": "2024-03-26 10:07:18",
        "q1": 15,
        "q2": 15,
        "tq": 30,
        "fn": "is_stop_or_target1",
        "price": 270.0,
        "ltp": 217.75,
        "pnl": -1567.5,
        "entry": {
            "symbol": "BANKNIFTY27MAR24P46800",
            "quantity": 30,
            "side": "B",
            "price": "270.00",
            "trigger_price": "00.00",
            "average_price": "270.00",
            "filled_quantity": 30,
            "exchange": "NFO",
            "order_id": "24032600068413",
            "broker_timestamp": "26/03/2024 10:16:49",
            "product": "MIS",
            "remarks": "SmsOptionsPremium",
            "order_type": "L",
            "Status": "complete"
        },
        "stop": {
            "symbol": "BANKNIFTY27MAR24P46800",
            "quantity": 30,
            "side": "S",
            "price": "183.95",
            "trigger_price": "184.00",
            "average_price": "0.00",
            "exchange": "NFO",
            "order_id": "24032600078435",
            "broker_timestamp": "26/03/2024 10:17:07",
            "product": "MIS",
            "remarks": "SmsOptionsPremium",
            "order_type": "SL",
            "Status": "trigger pending"
        }
    },
    {
        "channel": "SmsOptionsPremium",
        "id": 2171142802225546,
        "symbol": "NFO:BANKNIFTY27MAR24P46800",
        "entry_range": "278.85",
        "target_range": "300|330|360|400",
        "sl": 237,
        "quantity": "15|15",
        "action": "Buy",
        "timestamp": "2024-03-26 10:10:22",
        "q1": 15,
        "q2": 15,
        "tq": 30,
        "fn": "STOPPED-OUT",
        "price": 278.85,
        "ltp": 245.4,
        "pnl": -1003.5,
        "entry": {
            "symbol": "BANKNIFTY27MAR24P46800",
            "quantity": 30,
            "side": "B",
            "price": "278.85",
            "trigger_price": "00.00",
            "average_price": "278.85",
            "filled_quantity": 30,
            "exchange": "NFO",
            "order_id": "24032600072039",
            "broker_timestamp": "26/03/2024 10:11:27",
            "product": "MIS",
            "remarks": "SmsOptionsPremium",
            "order_type": "L",
            "Status": "complete"
        },
        "stop": {
            "symbol": "BANKNIFTY27MAR24P46800",
            "quantity": 30,
            "side": "S",
            "price": "236.95",
            "trigger_price": "237.00",
            "average_price": "237.00",
            "filled_quantity": 30,
            "exchange": "NFO",
            "order_id": "24032600073657",
            "broker_timestamp": "26/03/2024 10:30:34",
            "product": "MIS",
            "remarks": "SmsOptionsPremium",
            "order_type": "L",
            "Status": "complete"
        }
    },
    {
        "channel": "Premium jackpot",
        "id": 1171142807672685,
        "symbol": "NFO:LALPATHLAB28MAR24C2200",
        "entry_range": "35|37",
        "target_range": "41|55",
        "sl": 28,
        "quantity": "300",
        "action": "Buy",
        "timestamp": "2024-03-26 10:11:16",
        "q1": 300,
        "tq": 300,
        "fn": "XXX",
        "price": 37.0,
        "ltp": 42.85,
        "pnl": 0,
        "entry": {
            "symbol": "LALPATHLAB28MAR24C2200",
            "quantity": 300,
            "side": "B",
            "price": "37.00",
            "trigger_price": "00.00",
            "average_price": "0.00",
            "exchange": "NFO",
            "order_id": "24032600073327",
            "broker_timestamp": "26/03/2024 10:11:31",
            "product": "MIS",
            "remarks": "Premium jackpot",
            "order_type": "L",
            "Status": "open"
        }
    },
    {
        "channel": "SmsOptionsPremium",
        "id": 2171142879714435,
        "symbol": "NFO:BANKNIFTY27MAR24P46700",
        "entry_range": "205|225",
        "target_range": "250|280|310|340|375",
        "sl": 134,
        "quantity": "15|15",
        "action": "Buy",
        "timestamp": "2024-03-26 10:23:17",
        "q1": 15,
        "q2": 15,
        "tq": 30,
        "fn": "is_stop_or_target1",
        "price": 225.0,
        "ltp": 167.4,
        "pnl": -1728.0,
        "entry": {
            "symbol": "BANKNIFTY27MAR24P46700",
            "quantity": 30,
            "side": "B",
            "price": "225.00",
            "trigger_price": "00.00",
            "average_price": "225.00",
            "filled_quantity": 30,
            "exchange": "NFO",
            "order_id": "24032600082947",
            "broker_timestamp": "26/03/2024 10:23:58",
            "product": "MIS",
            "remarks": "SmsOptionsPremium",
            "order_type": "L",
            "Status": "complete"
        },
        "stop": {
            "symbol": "BANKNIFTY27MAR24P46700",
            "quantity": 30,
            "side": "S",
            "price": "133.95",
            "trigger_price": "134.00",
            "average_price": "0.00",
            "exchange": "NFO",
            "order_id": "24032600083288",
            "broker_timestamp": "26/03/2024 10:24:23",
            "product": "MIS",
            "remarks": "SmsOptionsPremium",
            "order_type": "SL",
            "Status": "trigger pending"
        }
    },
    {
        "channel": "Premium jackpot",
        "id": 1171142928366800,
        "symbol": "NFO:BANKNIFTY27MAR24C46500",
        "entry_range": "420",
        "target_range": "450.0|490.0|520.0|620.0|670.0",
        "sl": 360,
        "quantity": "15|15",
        "action": "Buy",
        "timestamp": "2024-03-26 10:31:23",
        "q1": 15,
        "q2": 15,
        "tq": 30,
        "fn": "STOPPED-OUT",
        "price": 420.0,
        "ltp": 368.4,
        "pnl": -1548.0,
        "entry": {
            "symbol": "BANKNIFTY27MAR24C46500",
            "quantity": 30,
            "side": "B",
            "price": "420.00",
            "trigger_price": "00.00",
            "average_price": "420.00",
            "filled_quantity": 30,
            "exchange": "NFO",
            "order_id": "24032600091411",
            "broker_timestamp": "26/03/2024 10:32:25",
            "product": "MIS",
            "remarks": "Premium jackpot",
            "order_type": "L",
            "Status": "complete"
        },
        "stop": {
            "symbol": "BANKNIFTY27MAR24C46500",
            "quantity": 30,
            "side": "S",
            "price": "359.95",
            "trigger_price": "360.00",
            "average_price": "360.00",
            "filled_quantity": 30,
            "exchange": "NFO",
            "order_id": "24032600092357",
            "broker_timestamp": "26/03/2024 10:41:01",
            "product": "MIS",
            "remarks": "Premium jackpot",
            "order_type": "L",
            "Status": "complete"
        }
    },
    {
        "channel": "Premium jackpot",
        "id": 1171142948709872,
        "symbol": "NFO:BANKNIFTY27MAR24C46500",
        "entry_range": "380",
        "target_range": "410.0|450.0|480.0|580.0|630.0",
        "sl": 340,
        "quantity": "15|15",
        "action": "Buy",
        "timestamp": "2024-03-26 10:34:47",
        "q1": 15,
        "q2": 15,
        "tq": 30,
        "fn": "XXX",
        "price": 380.0,
        "ltp": 369.35,
        "pnl": -319.5,
        "entry": {
            "symbol": "BANKNIFTY27MAR24C46500",
            "quantity": 30,
            "side": "B",
            "price": "380.00",
            "trigger_price": "00.00",
            "average_price": "380.00",
            "filled_quantity": 30,
            "exchange": "NFO",
            "order_id": "24032600094870",
            "broker_timestamp": "26/03/2024 10:38:07",
            "product": "MIS",
            "remarks": "Premium jackpot",
            "order_type": "L",
            "Status": "complete"
        },
        "stop": {
            "symbol": "BANKNIFTY27MAR24C46500",
            "quantity": 30,
            "side": "S",
            "price": "339.95",
            "trigger_price": "340.00",
            "average_price": "0.00",
            "exchange": "NFO",
            "order_id": "24032600097193",
            "broker_timestamp": "26/03/2024 10:38:38",
            "product": "MIS",
            "remarks": "Premium jackpot",
            "order_type": "SL",
            "Status": "trigger pending"
        }
    },
    {
        "channel": "SmsOptionsPremium",
        "id": 2171143040449727,
        "symbol": "NFO:BANKNIFTY27MAR24C46700",
        "entry_range": "220|240",
        "target_range": "265|290|320|350",
        "sl": 154,
        "quantity": "15|15",
        "action": "Buy",
        "timestamp": "2024-03-26 10:50:04",
        "q1": 15,
        "q2": 15,
        "tq": 30,
        "fn": "TRADES_COMPLETED",
        "price": 240.0,
        "ltp": 306.45,
        "pnl": 990.0,
        "entry": {
            "symbol": "BANKNIFTY27MAR24C46700",
            "quantity": 30,
            "side": "B",
            "price": "240.00",
            "trigger_price": "00.00",
            "average_price": "240.00",
            "filled_quantity": 30,
            "exchange": "NFO",
            "order_id": "24032600106046",
            "broker_timestamp": "26/03/2024 10:54:00",
            "product": "MIS",
            "remarks": "SmsOptionsPremium",
            "order_type": "L",
            "Status": "complete"
        },
        "stop": {
            "symbol": "BANKNIFTY27MAR24C46700",
            "quantity": 30,
            "side": "S",
            "price": "153.95",
            "trigger_price": "154.00",
            "average_price": "0.00",
            "exchange": "NFO",
            "order_id": "24032600108752",
            "broker_timestamp": "26/03/2024 10:54:37",
            "product": "MIS",
            "remarks": "SmsOptionsPremium",
            "order_type": "SL",
            "Status": "trigger pending"
        },
        "trail": {
            "symbol": "BANKNIFTY27MAR24C46700",
            "quantity": 15,
            "side": "S",
            "price": "239.95",
            "trigger_price": "240.00",
            "average_price": "0.00",
            "exchange": "NFO",
            "order_id": "24032600128049",
            "broker_timestamp": "26/03/2024 11:27:58",
            "product": "MIS",
            "remarks": "SmsOptionsPremium",
            "order_type": "SL",
            "Status": "trigger pending"
        }
    },
    {
        "channel": "SmsOptionsPremium",
        "id": 2171143195199485,
        "symbol": "NFO:BANKNIFTY27MAR24C46700",
        "entry_range": "258.85",
        "target_range": "280|310|340|370|400",
        "sl": 220,
        "quantity": "15|15",
        "action": "Buy",
        "timestamp": "2024-03-26 11:15:51",
        "q1": 15,
        "q2": 15,
        "tq": 30,
        "fn": "TRAILED-OUT",
        "price": 258.85,
        "ltp": 271.2,
        "pnl": 979.4999999999991,
        "entry": {
            "symbol": "BANKNIFTY27MAR24C46700",
            "quantity": 30,
            "side": "B",
            "price": "258.85",
            "trigger_price": "258.80",
            "average_price": "258.85",
            "filled_quantity": 30,
            "exchange": "NFO",
            "order_id": "24032600121282",
            "broker_timestamp": "26/03/2024 11:24:13",
            "product": "MIS",
            "remarks": "SmsOptionsPremium",
            "order_type": "L",
            "Status": "complete"
        },
        "stop": {
            "symbol": "BANKNIFTY27MAR24C46700",
            "quantity": 30,
            "side": "S",
            "price": "219.95",
            "trigger_price": "220.00",
            "average_price": "0.00",
            "exchange": "NFO",
            "order_id": "24032600125431",
            "broker_timestamp": "26/03/2024 11:24:49",
            "product": "MIS",
            "remarks": "SmsOptionsPremium",
            "order_type": "SL",
            "Status": "trigger pending"
        },
        "trail": {
            "symbol": "BANKNIFTY27MAR24C46700",
            "quantity": 15,
            "side": "S",
            "price": "258.80",
            "trigger_price": "258.85",
            "average_price": "258.80",
            "filled_quantity": 15,
            "exchange": "NFO",
            "order_id": "24032600132641",
            "broker_timestamp": "26/03/2024 11:55:39",
            "product": "MIS",
            "remarks": "SmsOptionsPremium",
            "order_type": "L",
            "Status": "complete"
        }
    },
    {
        "channel": "Premium jackpot",
        "id": 1171143234720364,
        "symbol": "NFO:BANKNIFTY27MAR24C46500",
        "entry_range": "420",
        "target_range": "450.0|490.0|520.0|620.0|670.0",
        "sl": 360,
        "quantity": "15|15",
        "action": "Cancel",
        "timestamp": "2024-03-26 11:22:27",
        "fn": "XXX"
    },
    {
        "channel": "Premium jackpot",
        "id": 1171143237096858,
        "symbol": "NFO:BANKNIFTY27MAR24C46500",
        "entry_range": "380",
        "target_range": "410.0|450.0|480.0|580.0|630.0",
        "sl": 340,
        "quantity": "15|15",
        "action": "Cancel",
        "timestamp": "2024-03-26 11:22:50",
        "fn": "do_cancel"
    },
    {
        "channel": "Premium jackpot",
        "id": 1171143332360219,
        "symbol": "NFO:BANKNIFTY27MAR24P47100",
        "entry_range": "375|380",
        "target_range": "410.0|450.0|480.0|580.0|630.0",
        "sl": 330,
        "quantity": "15|15",
        "action": "Buy",
        "timestamp": "2024-03-26 11:38:43",
        "q1": 15,
        "q2": 15,
        "tq": 30,
        "fn": "XXX",
        "price": 380.0,
        "ltp": 405.0,
        "pnl": 750.0,
        "entry": {
            "symbol": "BANKNIFTY27MAR24P47100",
            "quantity": 30,
            "side": "B",
            "price": "380.00",
            "trigger_price": "00.00",
            "average_price": "380.00",
            "filled_quantity": 30,
            "exchange": "NFO",
            "order_id": "24032600137109",
            "broker_timestamp": "26/03/2024 11:45:00",
            "product": "MIS",
            "remarks": "Premium jackpot",
            "order_type": "L",
            "Status": "complete"
        },
        "stop": {
            "symbol": "BANKNIFTY27MAR24P47100",
            "quantity": 30,
            "side": "S",
            "price": "329.95",
            "trigger_price": "330.00",
            "average_price": "0.00",
            "exchange": "NFO",
            "order_id": "24032600141596",
            "broker_timestamp": "26/03/2024 11:45:35",
            "product": "MIS",
            "remarks": "Premium jackpot",
            "order_type": "SL",
            "Status": "trigger pending"
        }
    },
    {
        "channel": "SmsOptionsPremium",
        "id": 2171143360504911,
        "symbol": "NFO:BANKNIFTY27MAR24C46800",
        "entry_range": "195|215",
        "target_range": "240|270|300",
        "sl": 124,
        "quantity": "15|15",
        "action": "Buy",
        "timestamp": "2024-03-26 11:43:25",
        "q1": 15,
        "q2": 15,
        "tq": 30,
        "fn": "is_stop_or_target1",
        "price": 215.0,
        "ltp": 140.65,
        "pnl": -2230.5,
        "entry": {
            "symbol": "BANKNIFTY27MAR24C46800",
            "quantity": 30,
            "side": "B",
            "price": "215.00",
            "trigger_price": "00.00",
            "average_price": "215.00",
            "filled_quantity": 30,
            "exchange": "NFO",
            "order_id": "24032600140406",
            "broker_timestamp": "26/03/2024 11:54:49",
            "product": "MIS",
            "remarks": "SmsOptionsPremium",
            "order_type": "L",
            "Status": "complete"
        },
        "stop": {
            "symbol": "BANKNIFTY27MAR24C46800",
            "quantity": 30,
            "side": "S",
            "price": "123.95",
            "trigger_price": "124.00",
            "average_price": "0.00",
            "exchange": "NFO",
            "order_id": "24032600147604",
            "broker_timestamp": "26/03/2024 11:55:45",
            "product": "MIS",
            "remarks": "SmsOptionsPremium",
            "order_type": "SL",
            "Status": "trigger pending"
        }
    },
    {
        "channel": "SmsOptionsPremium",
        "id": 2171143374662965,
        "symbol": "NFO:BANKNIFTY27MAR24C46800",
        "entry_range": "223.85",
        "target_range": "245|270|300",
        "sl": 190,
        "quantity": "15|15",
        "action": "Buy",
        "timestamp": "2024-03-26 11:45:46",
        "q1": 15,
        "q2": 15,
        "tq": 30,
        "fn": "STOPPED-OUT",
        "price": 223.85,
        "ltp": 202.95,
        "pnl": -627.0,
        "entry": {
            "symbol": "BANKNIFTY27MAR24C46800",
            "quantity": 30,
            "side": "B",
            "price": "223.85",
            "trigger_price": "00.00",
            "average_price": "223.85",
            "filled_quantity": 30,
            "exchange": "NFO",
            "order_id": "24032600142450",
            "broker_timestamp": "26/03/2024 11:53:30",
            "product": "MIS",
            "remarks": "SmsOptionsPremium",
            "order_type": "L",
            "Status": "complete"
        },
        "stop": {
            "symbol": "BANKNIFTY27MAR24C46800",
            "quantity": 30,
            "side": "S",
            "price": "189.95",
            "trigger_price": "190.00",
            "average_price": "190.00",
            "filled_quantity": 30,
            "exchange": "NFO",
            "order_id": "24032600146566",
            "broker_timestamp": "26/03/2024 12:11:26",
            "product": "MIS",
            "remarks": "SmsOptionsPremium",
            "order_type": "L",
            "Status": "complete"
        }
    },
    {
        "channel": "Premium jackpot",
        "id": 1171143430565990,
        "symbol": "NFO:BANKNIFTY27MAR24P47100",
        "entry_range": "375|380",
        "target_range": "410.0|450.0|480.0|580.0|630.0",
        "sl": 330,
        "quantity": "15|15",
        "action": "Cancel",
        "timestamp": "2024-03-26 11:55:05",
        "fn": "XXX"
    },
    {
        "channel": "Premium jackpot",
        "id": 1171143458876981,
        "symbol": "NFO:LALPATHLAB28MAR24C2200",
        "entry_range": "55|56",
        "target_range": "60|70",
        "sl": 50,
        "quantity": "300",
        "action": "Cancel",
        "timestamp": "2024-03-26 11:59:48",
        "fn": "do_cancel"
    },
    {
        "channel": "PaidCallPut",
        "id": 3171143620014426,
        "symbol": "NFO:BANKNIFTY27MAR24C46700",
        "entry_range": "270",
        "target_range": "370|450",
        "sl": 230,
        "quantity": "15|15",
        "action": "Buy",
        "timestamp": "2024-03-26 12:26:40",
        "q1": 15,
        "q2": 15,
        "tq": 30,
        "fn": "XXX",
        "price": 270.0,
        "ltp": 253.95,
        "pnl": -481.5,
        "entry": {
            "symbol": "BANKNIFTY27MAR24C46700",
            "quantity": 30,
            "side": "B",
            "price": "270.00",
            "trigger_price": "269.95",
            "average_price": "269.95",
            "filled_quantity": 30,
            "exchange": "NFO",
            "order_id": "24032600164307",
            "broker_timestamp": "26/03/2024 12:27:09",
            "product": "MIS",
            "remarks": "PaidCallPut",
            "order_type": "L",
            "Status": "complete"
        },
        "stop": {
            "symbol": "BANKNIFTY27MAR24C46700",
            "quantity": 30,
            "side": "S",
            "price": "229.95",
            "trigger_price": "230.00",
            "average_price": "0.00",
            "exchange": "NFO",
            "order_id": "24032600164968",
            "broker_timestamp": "26/03/2024 12:28:03",
            "product": "MIS",
            "remarks": "PaidCallPut",
            "order_type": "SL",
            "Status": "trigger pending"
        }
    },
    {
        "channel": "SmsOptionsPremium",
        "id": 2171143627339237,
        "symbol": "NFO:BANKNIFTY27MAR24C46900",
        "entry_range": "140|160",
        "target_range": "185|210|240|270|300",
        "sl": 78,
        "quantity": "15|15",
        "action": "Buy",
        "timestamp": "2024-03-26 12:27:53",
        "q1": 15,
        "q2": 15,
        "tq": 30,
        "fn": "is_stop_or_target1",
        "price": 160.0,
        "ltp": 99.0,
        "pnl": -1830.0,
        "entry": {
            "symbol": "BANKNIFTY27MAR24C46900",
            "quantity": 30,
            "side": "B",
            "price": "160.00",
            "trigger_price": "00.00",
            "average_price": "160.00",
            "filled_quantity": 30,
            "exchange": "NFO",
            "order_id": "24032600165258",
            "broker_timestamp": "26/03/2024 12:28:40",
            "product": "MIS",
            "remarks": "SmsOptionsPremium",
            "order_type": "L",
            "Status": "complete"
        },
        "stop": {
            "symbol": "BANKNIFTY27MAR24C46900",
            "quantity": 30,
            "side": "S",
            "price": "77.95",
            "trigger_price": "78.00",
            "average_price": "0.00",
            "exchange": "NFO",
            "order_id": "24032600165748",
            "broker_timestamp": "26/03/2024 12:29:39",
            "product": "MIS",
            "remarks": "SmsOptionsPremium",
            "order_type": "SL",
            "Status": "trigger pending"
        }
    },
    {
        "channel": "PaidCallPut",
        "id": 3171143866136621,
        "symbol": "NFO:BANKNIFTY27MAR24C46700",
        "entry_range": "270",
        "target_range": "370|450",
        "sl": 230,
        "quantity": "15|15",
        "action": "Cancel",
        "timestamp": "2024-03-26 13:07:41",
        "fn": "XXX"
    },
    {
        "channel": "Premium jackpot",
        "id": 1171143935002342,
        "symbol": "NFO:INDIGO28MAR24C3400",
        "entry_range": "77",
        "target_range": "82|90",
        "sl": 68,
        "quantity": "300",
        "action": "Buy",
        "timestamp": "2024-03-26 13:19:10",
        "q1": 300,
        "tq": 300,
        "fn": "XXX",
        "price": 77.0,
        "ltp": 79.75,
        "pnl": 0,
        "entry": {
            "symbol": "INDIGO28MAR24C3400",
            "quantity": 300,
            "side": "B",
            "price": "77.00",
            "trigger_price": "00.00",
            "average_price": "0.00",
            "exchange": "NFO",
            "order_id": "24032600190722",
            "broker_timestamp": "26/03/2024 13:19:55",
            "product": "MIS",
            "remarks": "Premium jackpot",
            "order_type": "L",
            "Status": "open"
        }
    },
    {
        "channel": "Premium jackpot",
        "id": 1171143944859694,
        "symbol": "NFO:INDIGO28MAR24C3400",
        "entry_range": "77",
        "target_range": "82|90",
        "sl": 68,
        "quantity": "300",
        "action": "Cancel",
        "timestamp": "2024-03-26 13:20:48",
        "fn": "XXX"
    },
    {
        "channel": "PaidStockIndexOption",
        "id": 4171144007803096,
        "symbol": "NFO:BANKNIFTY27MAR24P47000",
        "entry_range": "320|340",
        "target_range": "400|500|700",
        "sl": 250,
        "quantity": "15|15",
        "action": "Buy",
        "timestamp": "2024-03-26 13:31:18",
        "q1": 15,
        "q2": 15,
        "tq": 30,
        "fn": "XXX",
        "price": 340.0,
        "ltp": 365.05,
        "pnl": 751.5,
        "entry": {
            "symbol": "BANKNIFTY27MAR24P47000",
            "quantity": 30,
            "side": "B",
            "price": "340.00",
            "trigger_price": "00.00",
            "average_price": "340.00",
            "filled_quantity": 30,
            "exchange": "NFO",
            "order_id": "24032600198459",
            "broker_timestamp": "26/03/2024 13:56:46",
            "product": "MIS",
            "remarks": "PaidStockIndexOption",
            "order_type": "L",
            "Status": "complete"
        },
        "stop": {
            "symbol": "BANKNIFTY27MAR24P47000",
            "quantity": 30,
            "side": "S",
            "price": "249.95",
            "trigger_price": "250.00",
            "average_price": "0.00",
            "exchange": "NFO",
            "order_id": "24032600216551",
            "broker_timestamp": "26/03/2024 13:57:29",
            "product": "MIS",
            "remarks": "PaidStockIndexOption",
            "order_type": "SL",
            "Status": "trigger pending"
        }
    },
    {
        "channel": "SmsOptionsPremium",
        "id": 2171144023926971,
        "symbol": "NFO:BANKNIFTY27MAR24P46800",
        "entry_range": "215|235",
        "target_range": "260|290|320|350",
        "sl": 144,
        "quantity": "15|15",
        "action": "Buy",
        "timestamp": "2024-03-26 13:33:59",
        "q1": 15,
        "q2": 15,
        "tq": 30,
        "fn": "TRAILED-OUT",
        "price": 235.0,
        "ltp": 245.8,
        "pnl": 1076.999999999999,
        "entry": {
            "symbol": "BANKNIFTY27MAR24P46800",
            "quantity": 30,
            "side": "B",
            "price": "235.00",
            "trigger_price": "00.00",
            "average_price": "235.00",
            "filled_quantity": 30,
            "exchange": "NFO",
            "order_id": "24032600200402",
            "broker_timestamp": "26/03/2024 13:34:39",
            "product": "MIS",
            "remarks": "SmsOptionsPremium",
            "order_type": "L",
            "Status": "complete"
        },
        "stop": {
            "symbol": "BANKNIFTY27MAR24P46800",
            "quantity": 30,
            "side": "S",
            "price": "143.95",
            "trigger_price": "144.00",
            "average_price": "0.00",
            "exchange": "NFO",
            "order_id": "24032600201071",
            "broker_timestamp": "26/03/2024 13:35:40",
            "product": "MIS",
            "remarks": "SmsOptionsPremium",
            "order_type": "SL",
            "Status": "trigger pending"
        },
        "trail": {
            "symbol": "BANKNIFTY27MAR24P46800",
            "quantity": 15,
            "side": "S",
            "price": "234.95",
            "trigger_price": "235.00",
            "average_price": "235.00",
            "filled_quantity": 15,
            "exchange": "NFO",
            "order_id": "24032600207804",
            "broker_timestamp": "26/03/2024 13:56:41",
            "product": "MIS",
            "remarks": "SmsOptionsPremium",
            "order_type": "L",
            "Status": "complete"
        }
    },
    {
        "channel": "Premium jackpot",
        "id": 1171144026410306,
        "symbol": "NFO:POLYCAB28MAR24C5000",
        "entry_range": "130",
        "target_range": "140|160",
        "sl": 115,
        "quantity": "100",
        "action": "Buy",
        "timestamp": "2024-03-26 13:34:24",
        "q1": 100,
        "tq": 100,
        "fn": "XXX",
        "price": 130.0,
        "ltp": 129.95,
        "pnl": 0,
        "entry": {
            "symbol": "POLYCAB28MAR24C5000",
            "quantity": 100,
            "side": "B",
            "price": "130.00",
            "trigger_price": "129.95",
            "average_price": "130.00",
            "filled_quantity": 100,
            "exchange": "NFO",
            "order_id": "24032600200685",
            "broker_timestamp": "26/03/2024 13:35:11",
            "product": "MIS",
            "remarks": "Premium jackpot",
            "order_type": "L",
            "Status": "complete"
        },
        "stop": {
            "symbol": "POLYCAB28MAR24C5000",
            "quantity": 100,
            "side": "S",
            "price": "114.95",
            "trigger_price": "115.00",
            "average_price": "0.00",
            "exchange": "NFO",
            "order_id": "24032600201329",
            "broker_timestamp": "26/03/2024 13:36:16",
            "product": "MIS",
            "remarks": "Premium jackpot",
            "order_type": "SL",
            "Status": "trigger pending"
        }
    },
    {
        "channel": "Premium jackpot",
        "id": 1171144034907579,
        "symbol": "NFO:POLYCAB28MAR24C5000",
        "entry_range": "130",
        "target_range": "140|160",
        "sl": 115,
        "quantity": "100",
        "action": "Cancel",
        "timestamp": "2024-03-26 13:35:49",
        "fn": "XXX"
    },
    {
        "channel": "SmsOptionsPremium",
        "id": 2171144084143853,
        "symbol": "NFO:BANKNIFTY27MAR24P46800",
        "entry_range": "233.85",
        "target_range": "255|280|310|340|375",
        "sl": 198,
        "quantity": "15|15",
        "action": "Buy",
        "timestamp": "2024-03-26 13:44:01",
        "q1": 15,
        "q2": 15,
        "tq": 30,
        "fn": "TRAILED-OUT",
        "price": 233.85,
        "ltp": 236.65,
        "pnl": 904.5,
        "entry": {
            "symbol": "BANKNIFTY27MAR24P46800",
            "quantity": 30,
            "side": "B",
            "price": "233.85",
            "trigger_price": "00.00",
            "average_price": "233.85",
            "filled_quantity": 30,
            "exchange": "NFO",
            "order_id": "24032600206197",
            "broker_timestamp": "26/03/2024 13:56:41",
            "product": "MIS",
            "remarks": "SmsOptionsPremium",
            "order_type": "L",
            "Status": "complete"
        },
        "stop": {
            "symbol": "BANKNIFTY27MAR24P46800",
            "quantity": 30,
            "side": "S",
            "price": "197.95",
            "trigger_price": "198.00",
            "average_price": "0.00",
            "exchange": "NFO",
            "order_id": "24032600216602",
            "broker_timestamp": "26/03/2024 13:57:32",
            "product": "MIS",
            "remarks": "SmsOptionsPremium",
            "order_type": "SL",
            "Status": "trigger pending"
        },
        "trail": {
            "symbol": "BANKNIFTY27MAR24P46800",
            "quantity": 15,
            "side": "S",
            "price": "233.80",
            "trigger_price": "233.85",
            "average_price": "233.80",
            "filled_quantity": 15,
            "exchange": "NFO",
            "order_id": "24032600241439",
            "broker_timestamp": "26/03/2024 14:46:39",
            "product": "MIS",
            "remarks": "SmsOptionsPremium",
            "order_type": "L",
            "Status": "complete"
        }
    },
    {
        "channel": "SmsOptionsPremium",
        "id": 2171144110892117,
        "symbol": "NFO:BANKNIFTY27MAR24P46700",
        "entry_range": "185|205",
        "target_range": "230|260|290|320|350",
        "sl": 114,
        "quantity": "15|15",
        "action": "Buy",
        "timestamp": "2024-03-26 13:48:28",
        "q1": 15,
        "q2": 15,
        "tq": 30,
        "fn": "is_stop_or_target1",
        "price": 205.0,
        "ltp": 167.4,
        "pnl": -1128.0,
        "entry": {
            "symbol": "BANKNIFTY27MAR24P46700",
            "quantity": 30,
            "side": "B",
            "price": "205.00",
            "trigger_price": "00.00",
            "average_price": "205.00",
            "filled_quantity": 30,
            "exchange": "NFO",
            "order_id": "24032600210467",
            "broker_timestamp": "26/03/2024 13:56:17",
            "product": "MIS",
            "remarks": "SmsOptionsPremium",
            "order_type": "L",
            "Status": "complete"
        },
        "stop": {
            "symbol": "BANKNIFTY27MAR24P46700",
            "quantity": 30,
            "side": "S",
            "price": "113.95",
            "trigger_price": "114.00",
            "average_price": "0.00",
            "exchange": "NFO",
            "order_id": "24032600216030",
            "broker_timestamp": "26/03/2024 13:57:01",
            "product": "MIS",
            "remarks": "SmsOptionsPremium",
            "order_type": "SL",
            "Status": "trigger pending"
        }
    },
    {
        "channel": "SmsOptionsPremium",
        "id": 2171144191769596,
        "symbol": "NFO:FINNIFTY26MAR24C20700",
        "entry_range": "33|40",
        "target_range": "55|75|100",
        "sl": 12,
        "quantity": "40|40",
        "action": "Buy",
        "timestamp": "2024-03-26 14:01:57",
        "q1": 40,
        "q2": 40,
        "tq": 80,
        "fn": "STOPPED-OUT",
        "price": 40.0,
        "ltp": 15.65,
        "pnl": -1948.0,
        "entry": {
            "symbol": "FINNIFTY26MAR24C20700",
            "quantity": 80,
            "side": "B",
            "price": "40.00",
            "trigger_price": "00.00",
            "average_price": "40.00",
            "filled_quantity": 80,
            "exchange": "NFO",
            "order_id": "24032600220635",
            "broker_timestamp": "26/03/2024 14:07:17",
            "product": "MIS",
            "remarks": "SmsOptionsPremium",
            "order_type": "L",
            "Status": "complete"
        },
        "stop": {
            "symbol": "FINNIFTY26MAR24C20700",
            "quantity": 80,
            "side": "S",
            "price": "11.95",
            "trigger_price": "12.00",
            "average_price": "12.00",
            "filled_quantity": 80,
            "exchange": "NFO",
            "order_id": "24032600224552",
            "broker_timestamp": "26/03/2024 14:42:45",
            "product": "MIS",
            "remarks": "SmsOptionsPremium",
            "order_type": "L",
            "Status": "complete"
        }
    },
    {
        "channel": "PaidStockIndexOption",
        "id": 4171144290926050,
        "symbol": "NFO:BANKNIFTY27MAR24P47000",
        "entry_range": "320|340",
        "target_range": "400|500|700",
        "sl": 250,
        "quantity": "15|15",
        "action": "Cancel",
        "timestamp": "2024-03-26 14:18:29",
        "fn": "XXX"
    },
    {
        "channel": "Premium jackpot",
        "id": 1171144634992151,
        "symbol": "NFO:LALPATHLAB28MAR24C2200",
        "entry_range": "35|37",
        "target_range": "41|55",
        "sl": 28,
        "quantity": "300",
        "action": "Cancel",
        "timestamp": "2024-03-26 15:15:49",
        "fn": "do_cancel"
    }
]